field-of-study,total,data-ethics,data-sharing,misinformation,data-infrastructure,digital-economy,value-of-data,data-rights,data-literacy,digital-trade,automated-decision-making
Data sharing,269,1,269,1,2,1,14,0,0,0,0
Computer science,221,5,133,38,18,10,12,0,2,0,13
Business,164,3,79,18,8,44,20,2,1,1,5
Psychology,96,0,52,37,1,4,3,0,1,0,1
Medicine,65,1,51,4,7,0,5,1,0,0,0
Public relations,80,3,45,19,2,5,4,1,4,0,2
Graph,75,3,44,14,5,6,6,0,1,1,3
Data science,68,2,40,5,15,1,9,2,1,0,1
Health care,50,1,38,7,2,0,2,0,0,0,1
Context (language use),59,2,31,8,6,4,5,1,2,0,3
Gene,42,0,31,4,4,2,0,1,0,0,2
Knowledge management,41,0,31,0,2,6,6,0,1,0,1
Internet privacy,87,0,31,50,0,4,3,1,0,0,0
Engineering,66,7,27,4,11,8,5,0,2,0,7
Political science,77,4,26,37,3,7,2,0,0,1,1
Computer security,30,0,25,1,1,3,0,0,0,0,0
Public health,37,0,25,12,0,0,0,0,0,0,0
Data collection,30,1,23,2,3,0,2,0,0,0,0
Interoperability,28,1,22,0,5,1,3,0,0,0,0
Disease,62,3,21,32,3,1,2,0,0,0,1
Data access,22,1,21,0,0,0,2,0,0,0,0
Data Protection Act 1998,28,2,20,0,2,1,1,1,0,0,3
MEDLINE,23,0,20,1,2,0,1,0,0,0,0
Artificial intelligence,42,2,19,12,2,2,1,0,0,0,5
Database,23,0,17,0,2,2,0,0,0,0,2
Project management,36,0,17,9,4,3,7,1,0,0,1
Virus,57,2,17,33,3,1,1,0,0,0,1
Cryptography,29,1,17,6,1,3,4,0,0,1,0
Big data,44,2,17,1,11,6,7,1,4,0,0
Qualitative research,18,0,17,1,0,0,2,0,0,0,0
Population,27,1,17,8,1,0,1,0,0,0,0
Corporate governance,36,2,16,2,3,8,5,0,0,0,4
Information privacy,18,0,16,0,0,0,2,0,1,0,0
Statistic,24,0,16,5,1,1,3,0,0,0,0
Data security,17,0,16,1,1,0,0,0,0,0,0
Sociology,56,6,15,12,5,5,2,2,9,0,2
Coronavirus,53,2,15,32,2,1,1,0,0,0,1
Economics,61,0,14,8,2,29,12,0,0,1,1
Informatics,18,1,14,2,1,0,1,0,0,0,0
Machine learning,26,0,13,7,0,2,1,0,0,0,4
Government,31,0,13,6,1,5,2,0,2,1,3
Coronavirus disease 2019 (COVID-19),47,2,13,28,2,1,1,0,0,0,1
Resource (project management),20,0,13,1,2,3,6,1,0,0,0
Clinical trial,15,0,13,0,1,0,3,0,0,0,0
Data quality,16,0,13,0,1,0,2,0,0,0,0
Thematic analysis,15,0,13,2,0,0,1,0,0,0,0
Cloud computing,18,0,13,0,2,3,0,0,0,0,0
Pandemic,39,0,13,25,1,1,0,0,0,0,0
Mental health,16,0,13,3,0,0,0,0,0,0,0
Encryption,13,0,13,0,0,0,0,0,0,0,0
Law,26,0,12,3,1,5,1,1,0,0,4
Software,24,3,12,2,2,4,1,0,0,0,1
Open data,17,0,12,1,3,1,3,0,1,0,0
Biology,18,1,12,3,2,0,1,0,0,0,0
Open science,14,1,12,0,2,0,1,0,0,0,0
Transparency (behavior),15,0,11,0,1,2,0,1,0,0,1
Key (cryptography),21,1,11,4,1,3,4,0,0,1,0
Best practice,15,1,11,0,1,2,1,0,0,1,0
Social science,26,1,11,10,1,1,1,0,1,0,0
Confidentiality,12,0,11,0,0,0,1,1,0,0,0
Data management,16,0,11,0,5,1,1,0,0,0,0
Health informatics,15,1,11,2,1,0,1,0,0,0,0
Data type,13,0,11,1,1,0,1,0,0,0,0
Metadata,18,0,11,2,5,0,0,0,0,0,0
General Data Protection Regulation,13,0,10,0,2,0,0,1,0,0,2
Work (electrical),24,0,10,3,2,7,3,0,1,0,1
Psychological intervention,25,0,10,10,3,0,1,0,1,0,0
Data governance,13,1,10,0,1,2,3,0,0,0,0
Medical education,14,0,10,3,1,0,1,0,0,0,0
Blockchain,12,0,10,0,0,2,0,0,0,0,0
Informed consent,10,0,10,0,0,0,0,0,0,0,0
Process (engineering),27,0,9,2,6,4,1,0,0,0,6
Geography,15,0,9,3,2,1,1,0,0,0,0
Environmental planning,10,0,9,0,1,0,1,0,0,0,0
Research ethics,10,1,9,0,0,0,1,0,0,0,0
Set (abstract data type),9,0,9,0,0,0,1,0,0,0,0
Public engagement,12,0,9,3,0,0,0,0,0,0,0
Computer network,10,1,9,0,0,0,0,0,0,0,0
Workflow,9,0,9,0,0,0,0,0,0,0,0
Audit,12,0,8,0,1,0,0,0,0,0,3
Perspective (graphical),13,0,8,3,0,1,1,0,1,1,0
Analytics,14,0,8,1,1,1,0,0,3,0,0
Scale (social sciences),18,1,8,7,0,0,1,0,1,0,0
World wide,17,0,8,6,2,0,0,0,1,0,0
World Wide Web,17,0,8,6,2,0,0,0,1,0,0
Finance,12,0,8,0,2,0,2,1,0,0,0
Stain,18,0,8,3,3,4,2,0,0,0,0
Family medicine,10,0,8,1,1,0,0,0,0,0,0
Dissemination,15,0,8,7,0,0,0,0,0,0,0
Information Dissemination,12,0,8,4,0,0,0,0,0,0,0
Global health,12,0,8,4,0,0,0,0,0,0,0
Access control,8,0,8,0,0,0,0,0,0,0,0
Health data,8,0,8,0,0,0,0,0,0,0,0
Accountability,15,2,7,1,0,2,1,0,0,0,3
Identification (information),14,1,7,3,1,0,1,0,0,0,1
Information technology,10,1,7,0,0,1,1,0,1,0,0
Focus group,11,0,7,3,0,0,1,0,1,0,0
Stakeholder,8,0,7,0,0,0,0,1,0,0,0
Sustainability,12,0,7,0,3,2,2,0,0,0,0
European union,9,0,7,1,1,2,1,0,0,0,0
Nursing,9,0,7,1,1,0,1,0,0,0,0
Differential privacy,7,0,7,0,0,0,1,0,0,0,0
Perception,10,0,7,2,0,1,0,0,0,0,0
Scalability,9,0,7,1,1,0,0,0,0,0,0
Systematic review,8,1,7,0,0,0,0,0,0,0,0
Scheme (programming language),7,0,7,0,0,0,0,0,0,0,0
Authentication,7,0,7,0,0,0,0,0,0,0,0
User experience design,7,0,7,0,0,0,0,0,0,0,0
Set (psychology),12,0,6,3,0,2,1,0,1,0,0
Supply chain,8,0,6,0,0,2,1,0,0,0,0
Field (computer science),10,2,6,0,0,1,1,0,0,0,0
Software deployment,8,0,6,0,0,1,1,0,0,0,0
The Internet,20,1,6,7,0,6,0,0,0,0,0
Digital health,6,0,6,0,1,0,0,0,0,0,0
Outbreak,19,1,6,12,0,0,0,0,0,0,0
Terminology,7,0,6,1,0,0,0,0,0,0,0
Observational study,7,0,6,1,0,0,0,0,0,0,0
Health services research,6,0,6,0,0,0,0,0,0,0,0
Privacy preserving,6,0,6,0,0,0,0,0,0,0,0
Cybernetics,10,1,5,0,1,2,0,0,1,0,1
Variety (cybernetics),9,1,5,0,1,1,0,0,1,0,1
Engineering ethics,11,5,5,0,1,0,0,0,1,0,1
Quality (business),20,1,5,9,0,2,2,0,0,0,1
Risk analysis (engineering),9,0,5,1,0,0,2,0,0,0,1
Cognition,10,0,5,2,2,0,0,0,0,0,1
Information system,8,0,5,0,2,0,0,0,0,0,1
Control (management),10,0,5,1,1,2,1,1,0,0,0
Competition (economics),17,0,5,0,1,12,2,0,0,0,0
Harm,23,2,5,11,1,3,2,0,0,0,0
Industrial organization,14,1,5,0,0,8,1,0,0,0,0
Social media,87,1,5,80,1,1,1,0,0,0,0
Synthetic data,5,0,5,0,0,0,1,0,0,0,0
Architecture,10,0,5,0,4,1,0,0,0,0,0
Sample (statistics),9,0,5,3,0,1,0,0,0,0,0
Legislation,7,0,5,1,0,1,0,0,0,0,0
Private sector,7,1,5,0,0,1,0,0,0,0,0
Data model,7,0,5,0,2,0,0,0,0,0,0
2019-20 coronavirus outbreak,17,1,5,11,0,0,0,0,0,0,0
Severe acute respiratory syndrome coronavirus,12,1,5,6,0,0,0,0,0,0,0
Severe acute respiratory syndrome coronavirus 2 (SARS-CoV-2),12,1,5,6,0,0,0,0,0,0,0
Narrative,11,0,5,6,0,0,0,0,0,0,0
Data mining,6,0,5,1,0,0,0,0,0,0,0
Information sharing,6,0,5,1,0,0,0,0,0,0,0
Population health,6,0,5,1,0,0,0,0,0,0,0
Health administration,5,0,5,0,0,0,0,0,0,0,0
Service delivery framework,5,0,5,0,0,0,0,0,0,0,0
Process management,11,0,4,0,1,1,2,0,0,0,5
Value (ethics),18,0,4,4,0,6,10,0,0,0,1
Biobank,9,1,4,0,3,0,0,0,0,0,1
Mathematics,10,1,4,0,0,1,2,0,2,0,0
Quality management,6,0,4,0,0,0,1,1,0,0,0
Data warehouse,6,1,4,0,0,0,2,0,0,0,0
Randomized controlled trial,5,0,4,0,0,0,2,0,0,0,0
Protocol (science),4,0,4,0,0,0,2,0,0,0,0
Promotion (rank),10,0,4,3,2,1,1,0,0,0,0
Data analysis,6,1,4,0,0,1,1,0,0,0,0
Autonomy,5,0,4,0,0,1,1,0,0,0,0
Resource management,7,0,4,0,2,0,1,0,0,0,0
Quality of life,6,0,4,2,0,0,1,0,0,0,0
Health policy,6,0,4,1,0,0,1,0,0,0,0
Reuse,5,0,4,1,0,0,1,0,0,0,0
Information retrieval,9,0,4,3,0,2,0,0,0,0,0
Data set,6,0,4,0,1,1,0,0,0,0,0
Order (exchange),8,1,4,2,0,1,0,0,0,0,0
General partnership,5,0,4,0,0,1,0,0,0,0,0
Genomics,7,0,4,0,3,0,0,0,0,0,0
Intensive care,7,0,4,1,2,0,0,0,0,0,0
Intensive care medicine,7,0,4,1,2,0,0,0,0,0,0
User interface,5,0,4,1,1,0,0,0,0,0,0
Distributed computing,5,0,4,0,1,0,0,0,0,0,0
Genome,5,0,4,0,1,0,0,0,0,0,0
Dementia,5,0,4,0,1,0,0,0,0,0,0
Public opinion,7,0,4,3,0,0,0,0,0,0,0
Multidisciplinary approach,6,0,4,2,0,0,0,0,0,0,0
Environmental health,5,0,4,1,0,0,0,0,0,0,0
Vulnerability,5,0,4,1,0,0,0,0,0,0,0
Medical emergency,5,1,4,0,0,0,0,0,0,0,0
Reliability (computer networking),5,1,4,0,0,0,0,0,0,0,0
Medical imaging,4,0,4,0,0,0,0,0,0,0,0
Genetics,4,0,4,0,0,0,0,0,0,0,0
Data exchange,4,0,4,0,0,0,0,0,0,0,0
Bioethics,4,0,4,0,0,0,0,0,0,0,0
Traceability,4,0,4,0,0,0,0,0,0,0,0
Neuroimaging,4,0,4,0,0,0,0,0,0,0,0
Ontology,4,0,4,0,0,0,0,0,0,0,0
In patient,4,0,4,0,0,0,0,0,0,0,0
Convention,4,0,4,0,0,0,0,0,0,0,0
Timeline,4,0,4,0,0,0,0,0,0,0,0
Information science,7,0,3,0,0,1,1,0,0,0,3
Public administration,8,0,3,0,1,3,1,0,0,1,1
Computation,9,1,3,2,1,0,0,0,1,0,1
Transparency (graphic),7,1,3,0,1,1,1,0,0,0,1
Legislature,4,0,3,0,0,0,1,0,0,0,1
Deep learning,8,0,3,4,0,0,0,0,0,0,1
Public trust,5,0,3,1,0,0,0,0,0,0,1
Location,5,0,3,1,0,0,0,0,0,0,1
Relation (database),4,0,3,0,0,0,0,0,0,0,1
Agency (sociology),6,0,3,1,0,0,0,1,1,0,0
Marketing,9,0,3,1,0,4,1,0,1,0,0
Emerging technologies,9,2,3,1,0,1,1,0,1,0,0
Currency,5,0,3,0,0,1,1,0,1,0,0
Segmentation,4,0,3,0,0,0,1,0,1,0,0
History,8,0,3,3,0,1,0,0,1,0,0
Citizen science,5,0,3,0,1,0,0,0,1,0,0
Ecosystem,6,0,3,0,0,0,2,1,0,0,0
Psychological resilience,4,0,3,0,0,0,0,1,0,0,0
Digital transformation,14,0,3,1,2,7,5,0,0,0,0
Physics,6,0,3,0,0,2,2,0,0,0,0
Service provider,7,1,3,0,0,2,1,0,0,0,0
Personally identifiable information,5,0,3,0,0,2,1,0,0,0,0
Usability,7,0,3,0,2,1,1,0,0,0,0
Ecology,4,0,3,0,0,1,1,0,0,0,0
Environmental resource management,6,0,3,0,2,0,1,0,0,0,0
Agriculture,4,0,3,0,1,0,1,0,0,0,0
Quality of life (healthcare),5,0,3,2,0,0,1,0,0,0,0
Order (business),5,0,3,1,0,0,1,0,0,0,0
Intervention (law),4,0,3,1,0,0,1,0,0,0,0
Harmonization,4,0,3,0,0,0,1,0,0,0,0
Malaria,4,0,3,0,0,0,1,0,0,0,0
Standardization,4,0,3,0,0,0,1,0,0,0,0
Local government,3,0,3,0,0,0,1,0,0,0,0
Measure (data warehouse),3,0,3,0,0,0,1,0,0,0,0
Host (network),3,0,3,0,0,0,1,0,0,0,0
Philosophy of medicine,3,0,3,0,0,0,1,0,0,0,0
Pooling,3,0,3,0,0,0,1,0,0,0,0
Position (finance),3,0,3,0,0,0,1,0,0,0,0
Transformative learning,6,0,3,0,0,3,0,0,0,0,0
Power (social and political),9,0,3,4,0,2,0,0,0,0,0
Incentive,4,0,3,0,0,1,0,0,0,0,0
Risk management,4,0,3,0,0,1,0,0,0,0,0
Adaptation (computer science),4,0,3,0,0,1,0,0,0,0,0
Software engineering,7,2,3,1,2,0,0,0,0,0,0
Service (systems architecture),5,0,3,0,2,0,0,0,0,0,0
Trustworthiness,7,0,3,3,1,0,0,0,0,0,0
Climate change,6,0,3,2,1,0,0,0,0,0,0
Biome,4,0,3,0,1,0,0,0,0,0,0
Product (business),4,0,3,0,1,0,0,0,0,0,0
Alliance,4,0,3,0,1,0,0,0,0,0,0
Research data,4,0,3,0,1,0,0,0,0,0,0
Data integration,3,0,3,0,1,0,0,0,0,0,0
Social network,11,0,3,8,0,0,0,0,0,0,0
Task (project management),11,0,3,8,0,0,0,0,0,0,0
Recommender system,6,0,3,3,0,0,0,0,0,0,0
Preference,5,1,3,1,0,0,0,0,0,0,0
Drug,4,0,3,1,0,0,0,0,0,0,0
Test (assessment),4,0,3,1,0,0,0,0,0,0,0
Raw data,4,0,3,1,0,0,0,0,0,0,0
Ranking,4,0,3,1,0,0,0,0,0,0,0
Preparedness,4,0,3,1,0,0,0,0,0,0,0
Crowdsourcing,4,0,3,1,0,0,0,0,0,0,0
Applied psychology,3,0,3,0,0,0,0,0,0,0,0
Research design,3,0,3,0,0,0,0,0,0,0,0
Data breach,3,0,3,0,0,0,0,0,0,0,0
Decision-making,3,0,3,0,0,0,0,0,0,0,0
Group decision-making,3,0,3,0,0,0,0,0,0,0,0
Homomorphic encryption,3,0,3,0,0,0,0,0,0,0,0
Information exchange,3,0,3,0,0,0,0,0,0,0,0
Jury,3,0,3,0,0,0,0,0,0,0,0
Lever,3,0,3,0,0,0,0,0,0,0,0
Library science,3,0,3,0,0,0,0,0,0,0,0
Patient safety,3,0,3,0,0,0,0,0,0,0,0
Precision medicine,3,0,3,0,0,0,0,0,0,0,0
Social determinants of health,3,0,3,0,0,0,0,0,0,0,0
Anonymity,3,0,3,0,0,0,0,0,0,0,0
Ciphertext,3,0,3,0,0,0,0,0,0,0,0
Distributed database,3,0,3,0,0,0,0,0,0,0,0
Generalization,3,0,3,0,0,0,0,0,0,0,0
Identity (object-oriented programming),3,0,3,0,0,0,0,0,0,0,0
Know your customer,3,0,3,0,0,0,0,0,0,0,0
Matching (statistics),3,0,3,0,0,0,0,0,0,0,0
Psychiatry,3,0,3,0,0,0,0,0,0,0,0
Computational biology,3,0,3,0,0,0,0,0,0,0,0
Surgery,3,0,3,0,0,0,0,0,0,0,0
Point (typography),4,1,2,0,0,0,0,0,0,0,2
Negotiation,6,0,2,1,0,1,0,0,0,2,1
Face (sociological concept),6,1,2,0,0,1,1,1,0,0,1
Use case,4,1,2,0,1,0,0,1,0,0,1
Scope (project management),5,0,2,0,0,0,2,0,0,0,1
Public policy,10,1,2,2,0,3,1,0,0,0,1
Documentation,5,0,2,0,1,1,0,0,0,0,1
Politics,24,1,2,19,0,1,0,0,0,0,1
Decision support system,4,0,2,0,1,0,0,0,0,0,1
Artificial neural network,4,0,2,1,0,0,0,0,0,0,1
Deliberation,3,0,2,0,0,0,0,0,0,0,1
Resource allocation,3,0,2,0,0,0,0,0,0,0,1
Economy,72,0,2,4,0,66,5,0,0,2,0
Service (business),4,0,2,0,0,1,1,0,1,0,0
Higher education,5,0,2,1,0,1,0,0,1,0,0
Argument,3,0,2,0,0,0,0,0,1,0,0
Capacity building,3,0,2,0,0,0,0,0,1,0,0
Selection (linguistics),3,0,2,0,0,0,0,0,1,0,0
Warning system,3,0,2,0,0,0,0,0,1,0,0
Phone,5,0,2,1,1,0,0,1,0,0,0
Value (economics),5,0,2,0,0,1,4,0,0,0,0
Production (economics),4,0,2,0,0,1,2,0,0,0,0
Conceptual model,3,0,2,0,0,0,2,0,0,0,0
Wildlife,2,0,2,0,0,0,2,0,0,0,0
Competitive advantage,6,0,2,0,0,3,1,0,0,0,0
Supply chain management,4,0,2,0,0,2,1,0,0,0,0
Industry 4.0,4,0,2,0,1,1,1,0,0,0,0
Publishing,4,1,2,0,0,1,1,0,0,0,0
Intellectual property,3,0,2,0,0,1,1,0,0,0,0
Spatial analysis,6,0,2,1,3,0,1,0,0,0,0
Geospatial analysis,5,0,2,1,2,0,1,0,0,0,0
Distribution (economics),3,0,2,1,0,0,1,0,0,0,0
Medical physics,3,0,2,0,0,0,1,0,0,0,0
Qualitative property,2,0,2,0,0,0,1,0,0,0,0
Conceptual framework,2,0,2,0,0,0,1,0,0,0,0
Commons,2,0,2,0,0,0,1,0,0,0,0
Conceptual model (computer science),2,0,2,0,0,0,1,0,0,0,0
Patient data,2,0,2,0,0,0,1,0,0,0,0
Poaching,2,0,2,0,0,0,1,0,0,0,0
Range (statistics),2,0,2,0,0,0,1,0,0,0,0
Productivity,5,0,2,1,0,3,0,0,0,0,0
Telecommunications,6,0,2,0,2,2,0,0,0,0,0
Enforcement,4,0,2,0,0,2,0,0,0,0,0
Focus (computing),7,0,2,3,1,1,0,0,0,0,0
Financial services,4,0,2,0,1,1,0,0,0,0,0
Algorithm,3,0,2,0,0,1,0,0,0,0,0
Self,3,0,2,0,0,1,0,0,0,0,0
Term (time),3,0,2,0,0,1,0,0,0,0,0
Trait,3,0,2,0,0,1,0,0,0,0,0
Supply chain security,3,0,2,0,0,1,0,0,0,0,0
Database transaction,3,0,2,0,0,1,0,0,0,0,0
Internet of Things,3,0,2,0,0,1,0,0,0,0,0
Privacy policy,3,0,2,0,0,1,0,0,0,0,0
Personality,3,0,2,0,0,1,0,0,0,0,0
Domain (software engineering),5,1,2,1,2,0,0,0,0,0,0
Annotation,5,0,2,2,1,0,0,0,0,0,0
Notation,5,0,2,2,1,0,0,0,0,0,0
Modalities,4,0,2,1,1,0,0,0,0,0,0
Pace,4,2,2,0,1,0,0,0,0,0,0
Certification,3,0,2,0,1,0,0,0,0,0,0
Genome-wide association study,3,0,2,0,1,0,0,0,0,0,0
Information management,3,0,2,0,1,0,0,0,0,0,0
Payment,3,0,2,0,1,0,0,0,0,0,0
Climate model,3,0,2,0,1,0,0,0,0,0,0
Clinical decision support system,3,0,2,0,1,0,0,0,0,0,0
Socioeconomic status,3,0,2,0,1,0,0,0,0,0,0
Descriptive statistics,3,0,2,0,1,0,0,0,0,0,0
Data modeling,3,0,2,0,1,0,0,0,0,0,0
Economic growth,6,0,2,4,0,0,0,0,0,0,0
Benchmark (computing),5,0,2,3,0,0,0,0,0,0,0
Publication,5,1,2,2,0,0,0,0,0,0,0
Social distance,4,0,2,2,0,0,0,0,0,0,0
Baseline (configuration management),4,0,2,2,0,0,0,0,0,0,0
Survey data collection,4,0,2,2,0,0,0,0,0,0,0
Sequence,4,0,2,2,0,0,0,0,0,0,0
Identity (social science),3,0,2,1,0,0,0,0,0,0,0
Grounded theory,3,0,2,1,0,0,0,0,0,0,0
mHealth,3,0,2,1,0,0,0,0,0,0,0
Mobile phone,3,0,2,1,0,0,0,0,0,0,0
Openness to experience,3,0,2,1,0,0,0,0,0,0,0
Community health,3,0,2,1,0,0,0,0,0,0,0
eHealth,3,0,2,1,0,0,0,0,0,0,0
Closure (psychology),3,0,2,1,0,0,0,0,0,0,0
Digital Revolution,3,0,2,1,0,0,0,0,0,0,0
Public-key cryptography,3,0,2,1,0,0,0,0,0,0,0
Semantic Web,3,0,2,1,0,0,0,0,0,0,0
Web application,3,0,2,1,0,0,0,0,0,0,0
Web page,3,0,2,1,0,0,0,0,0,0,0
Empirical research,3,0,2,1,0,0,0,0,0,0,0
Cluster analysis,3,0,2,1,0,0,0,0,0,0,0
Inference,3,0,2,1,0,0,0,0,0,0,0
Top-down and bottom-up design,2,1,2,0,0,0,0,0,0,0,0
Information theory,2,0,2,0,0,0,0,0,0,0,0
Cryptosystem,2,0,2,0,0,0,0,0,0,0,0
Information governance,2,0,2,0,0,0,0,0,0,0,0
Cross-sectional study,2,0,2,0,0,0,0,0,0,0,0
Affect (psychology),2,0,2,0,0,0,0,0,0,0,0
Community engagement,2,0,2,0,0,0,0,0,0,0,0
Biodiversity,2,0,2,0,0,0,0,0,0,0,0
Specialty,2,0,2,0,0,0,0,0,0,0,0
Exome,2,0,2,0,0,0,0,0,0,0,0
General surgery,2,0,2,0,0,0,0,0,0,0,0
Gerontology,2,0,2,0,0,0,0,0,0,0,0
Health information,2,0,2,0,0,0,0,0,0,0,0
Human–computer interaction,2,0,2,0,0,0,0,0,0,0,0
Nursing research,2,0,2,0,0,0,0,0,0,0,0
Safeguarding,2,0,2,0,0,0,0,0,0,0,0
Sample size determination,2,0,2,0,0,0,0,0,0,0,0
Clinical Practice,2,0,2,0,0,0,0,0,0,0,0
Code (cryptography),2,0,2,0,0,0,0,0,0,0,0
Ecosystem services,2,0,2,0,0,0,0,0,0,0,0
Generalizability theory,2,0,2,0,0,0,0,0,0,0,0
License,2,0,2,0,0,0,0,0,0,0,0
Physical medicine and rehabilitation,2,0,2,0,0,0,0,0,0,0,0
Rehabilitation,2,0,2,0,0,0,0,0,0,0,0
Reinforcement learning,2,0,2,0,0,0,0,0,0,0,0
Snowball sampling,2,0,2,0,0,0,0,0,0,0,0
Structure (mathematical logic),2,0,2,0,0,0,0,0,0,0,0
Test data,2,0,2,0,0,0,0,0,0,0,0
Upload,2,0,2,0,0,0,0,0,0,0,0
Biometrics,2,0,2,0,0,0,0,0,0,0,0
Broadband,2,0,2,0,0,0,0,0,0,0,0
Collaborative learning,2,0,2,0,0,0,0,0,0,0,0
Directive,2,0,2,0,0,0,0,0,0,0,0
Equity (finance),2,0,2,0,0,0,0,0,0,0,0
Indigenous,2,0,2,0,0,0,0,0,0,0,0
Law enforcement,2,0,2,0,0,0,0,0,0,0,0
Ledger,2,0,2,0,0,0,0,0,0,0,0
Medical genetics,2,0,2,0,0,0,0,0,0,0,0
Medical record,2,0,2,0,0,0,0,0,0,0,0
Narrative review,2,0,2,0,0,0,0,0,0,0,0
Ontology (information science),2,0,2,0,0,0,0,0,0,0,0
Open platform,2,0,2,0,0,0,0,0,0,0,0
Pan european,2,0,2,0,0,0,0,0,0,0,0
Radiology,2,0,2,0,0,0,0,0,0,0,0
Resilience (network),2,0,2,0,0,0,0,0,0,0,0
Scholarly communication,2,0,2,0,0,0,0,0,0,0,0
Server,2,0,2,0,0,0,0,0,0,0,0
Tanzania,2,0,2,0,0,0,0,0,0,0,0
Test data generation,2,0,2,0,0,0,0,0,0,0,0
Trajectory,2,0,2,0,0,0,0,0,0,0,0
Typing,2,0,2,0,0,0,0,0,0,0,0
Wearable technology,2,0,2,0,0,0,0,0,0,0,0
Citizens' jury,2,0,2,0,0,0,0,0,0,0,0
Cochrane Library,2,0,2,0,0,0,0,0,0,0,0
Community building,2,0,2,0,0,0,0,0,0,0,0
Conservation status,2,0,2,0,0,0,0,0,0,0,0
Copy-number variation,2,0,2,0,0,0,0,0,0,0,0
Creativity,2,0,2,0,0,0,0,0,0,0,0
Cryptocurrency,2,0,2,0,0,0,0,0,0,0,0
Data anonymization,2,0,2,0,0,0,0,0,0,0,0
Data field,2,0,2,0,0,0,0,0,0,0,0
Data retrieval,2,0,2,0,0,0,0,0,0,0,0
Design science,2,0,2,0,0,0,0,0,0,0,0
Digital identity,2,0,2,0,0,0,0,0,0,0,0
Disk formatting,2,0,2,0,0,0,0,0,0,0,0
DNA microarray,2,0,2,0,0,0,0,0,0,0,0
Donation,2,0,2,0,0,0,0,0,0,0,0
Edge device,2,0,2,0,0,0,0,0,0,0,0
Engineering research,2,0,2,0,0,0,0,0,0,0,0
External validation,2,0,2,0,0,0,0,0,0,0,0
Feature learning,2,0,2,0,0,0,0,0,0,0,0
Federated learning,2,0,2,0,0,0,0,0,0,0,0
Genotyping,2,0,2,0,0,0,0,0,0,0,0
Geographic mobility,2,0,2,0,0,0,0,0,0,0,0
Global biodiversity,2,0,2,0,0,0,0,0,0,0,0
Gold standard,2,0,2,0,0,0,0,0,0,0,0
Healthcare providers,2,0,2,0,0,0,0,0,0,0,0
Healthcare system,2,0,2,0,0,0,0,0,0,0,0
Hierarchy,2,0,2,0,0,0,0,0,0,0,0
Laparoscopic cholecystectomy,2,0,2,0,0,0,0,0,0,0,0
Leverage (statistics),2,0,2,0,0,0,0,0,0,0,0
Loyalty,2,0,2,0,0,0,0,0,0,0,0
Medical ethics,2,0,2,0,0,0,0,0,0,0,0
Microarray,2,0,2,0,0,0,0,0,0,0,0
Mobile broadband,2,0,2,0,0,0,0,0,0,0,0
Multiple sclerosis,2,0,2,0,0,0,0,0,0,0,0
Noise,2,0,2,0,0,0,0,0,0,0,0
Opt-out,2,0,2,0,0,0,0,0,0,0,0
Outsourcing,2,0,2,0,0,0,0,0,0,0,0
Patient perceptions,2,0,2,0,0,0,0,0,0,0,0
Privacy law,2,0,2,0,0,0,0,0,0,0,0
Privacy laws of the United States,2,0,2,0,0,0,0,0,0,0,0
Protocol (object-oriented programming),2,0,2,0,0,0,0,0,0,0,0
Public health surveillance,2,0,2,0,0,0,0,0,0,0,0
Resource (biology),2,0,2,0,0,0,0,0,0,0,0
Security analysis,2,0,2,0,0,0,0,0,0,0,0
Semantic interoperability,2,0,2,0,0,0,0,0,0,0,0
Session (web analytics),2,0,2,0,0,0,0,0,0,0,0
Smart contract,2,0,2,0,0,0,0,0,0,0,0
Summary statistics,2,0,2,0,0,0,0,0,0,0,0
Technical standard,2,0,2,0,0,0,0,0,0,0,0
User-centered design,2,0,2,0,0,0,0,0,0,0,0
Virulence,2,0,2,0,0,0,0,0,0,0,0
Public sector,5,0,1,0,0,1,2,0,0,0,2
Sociotechnical system,4,0,1,1,0,0,0,0,1,0,1
Impact assessment,2,0,1,0,0,0,2,0,0,0,1
Revenue,3,0,1,0,0,1,1,0,0,0,1
State (computer science),2,0,1,0,0,0,0,0,0,0,1
Supervised learning,2,0,1,0,0,0,0,0,0,0,1
Adversarial system,2,0,1,0,0,0,0,0,0,0,1
Data portability,2,0,1,0,0,0,0,0,0,0,1
Right to privacy,2,0,1,0,0,0,0,0,0,0,1
Digital economy,63,0,1,0,0,63,4,0,0,1,0
Public economics,3,0,1,0,0,0,1,0,0,1,0
Reimbursement,2,0,1,0,0,0,0,0,0,1,0
Literacy,20,0,1,9,0,0,1,0,10,0,0
Business model,6,0,1,0,0,3,3,0,1,0,0
Social responsibility,5,1,1,1,0,1,0,0,1,0,0
Content analysis,6,0,1,4,0,0,0,0,1,0,0
Peer review,2,0,1,0,0,0,0,0,1,0,0
Design process,2,0,1,0,0,0,0,0,1,0,0
Educational resources,2,0,1,0,0,0,0,0,1,0,0
Social research,2,0,1,0,0,0,1,1,0,0,0
Online research methods,2,0,1,0,0,0,0,1,0,0,0
Macroeconomics,5,0,1,0,0,3,2,0,0,0,0
Investment (macroeconomics),5,0,1,0,0,3,2,0,0,0,0
Data-driven,4,0,1,0,2,1,2,0,0,0,0
Microeconomics,2,0,1,0,0,0,2,0,0,0,0
Game theory,4,0,1,1,1,1,1,0,0,0,0
Core (game theory),4,0,1,1,1,1,1,0,0,0,0
Blueprint,3,0,1,1,0,1,1,0,0,0,0
Sharing economy,2,0,1,0,0,1,1,0,0,0,0
Power (physics),2,0,1,0,0,1,1,0,0,0,0
Personalization,2,0,1,0,0,1,1,0,0,0,0
Data acquisition,2,0,1,0,1,0,1,0,0,0,0
Reliability (statistics),3,0,1,1,0,0,1,0,0,0,0
Criminology,2,0,1,1,0,0,1,0,0,0,0
Operationalization,3,1,1,0,0,0,1,0,0,0,0
Clinical research,2,0,1,0,0,0,1,0,0,0,0
Evidence-based practice,2,0,1,0,0,0,1,0,0,0,0
Electronic data,2,0,1,0,0,0,1,0,0,0,0
Telemedicine,2,0,1,0,0,0,1,0,0,0,0
Participatory design,2,0,1,0,0,0,1,0,0,0,0
Public value,2,0,1,0,0,0,1,0,0,0,0
Cancer,1,0,1,0,0,0,1,0,0,0,0
Developmental psychology,1,0,1,0,0,0,1,0,0,0,0
Metric (unit),1,0,1,0,0,0,1,0,0,0,0
Standard deviation,1,0,1,0,0,0,1,0,0,0,0
Electricity,1,0,1,0,0,0,1,0,0,0,0
Reflexivity,1,0,1,0,0,0,1,0,0,0,0
Abundance (ecology),1,0,1,0,0,0,1,0,0,0,0
Automotive industry,1,0,1,0,0,0,1,0,0,0,0
Bibliometrics,1,0,1,0,0,0,1,0,0,0,0
Care homes,1,0,1,0,0,0,1,0,0,0,0
Circular economy,1,0,1,0,0,0,1,0,0,0,0
CITES,1,0,1,0,0,0,1,0,0,0,0
Complement (set theory),1,0,1,0,0,0,1,0,0,0,0
Cost effectiveness,1,0,1,0,0,0,1,0,0,0,0
Daughter,1,0,1,0,0,0,1,0,0,0,0
Emerging markets,1,0,1,0,0,0,1,0,0,0,0
Environmental impact assessment,1,0,1,0,0,0,1,0,0,0,0
Fishery,1,0,1,0,0,0,1,0,0,0,0
Human–wildlife conflict,1,0,1,0,0,0,1,0,0,0,0
Index (publishing),1,0,1,0,0,0,1,0,0,0,0
Individual participant data,1,0,1,0,0,0,1,0,0,0,0
Organizational culture,1,0,1,0,0,0,1,0,0,0,0
Retraining,1,0,1,0,0,0,1,0,0,0,0
Scientific progress,1,0,1,0,0,0,1,0,0,0,0
Wildlife trade,1,0,1,0,0,0,1,0,0,0,0
Adolescent age,1,0,1,0,0,0,1,0,0,0,0
Commit,1,0,1,0,0,0,1,0,0,0,0
Consumer privacy,1,0,1,0,0,0,1,0,0,0,0
Density of air,1,0,1,0,0,0,1,0,0,0,0
Divergence (statistics),1,0,1,0,0,0,1,0,0,0,0
Electricity market,1,0,1,0,0,0,1,0,0,0,0
Electrocution,1,0,1,0,0,0,1,0,0,0,0
Enterprise data management,1,0,1,0,0,0,1,0,0,0,0
Good practice,1,0,1,0,0,0,1,0,0,0,0
Green criminology,1,0,1,0,0,0,1,0,0,0,0
Inflow,1,0,1,0,0,0,1,0,0,0,0
Long-term care,1,0,1,0,0,0,1,0,0,0,0
Marine engineering,1,0,1,0,0,0,1,0,0,0,0
Maturity (psychological),1,0,1,0,0,0,1,0,0,0,0
Pediatric cancer,1,0,1,0,0,0,1,0,0,0,0
Plan (drawing),1,0,1,0,0,0,1,0,0,0,0
Sea turtle,1,0,1,0,0,0,1,0,0,0,0
Terms of reference,1,0,1,0,0,0,1,0,0,0,0
Turbine,1,0,1,0,0,0,1,0,0,0,0
Turtle (robot),1,0,1,0,0,0,1,0,0,0,0
Watchful waiting,1,0,1,0,0,0,1,0,0,0,0
Wind power,1,0,1,0,0,0,1,0,0,0,0
Wind shear,1,0,1,0,0,0,1,0,0,0,0
Wind speed,1,0,1,0,0,0,1,0,0,0,0
Market economy,4,0,1,0,0,4,0,0,0,0,0
Competition law,3,0,1,0,0,3,0,0,0,0,0
Information and Communications Technology,5,0,1,1,1,2,0,0,0,0,0
Developing country,4,0,1,0,1,2,0,0,0,0,0
Digitization,4,0,1,0,1,2,0,0,0,0,0
China,3,0,1,0,0,2,0,0,0,0,0
Feature (machine learning),3,0,1,1,0,1,0,0,0,0,0
Edge computing,2,0,1,0,0,1,0,0,0,0,0
Journalism,2,0,1,0,0,1,0,0,0,0,0
Diversity (politics),2,0,1,0,0,1,0,0,0,0,0
Empirical evidence,2,0,1,0,0,1,0,0,0,0,0
Citizen journalism,2,0,1,0,0,1,0,0,0,0,0
Human resources,2,0,1,0,0,1,0,0,0,0,0
Class (computer programming),2,0,1,0,0,1,0,0,0,0,0
Digital currency,2,0,1,0,0,1,0,0,0,0,0
Flexibility (engineering),2,0,1,0,0,1,0,0,0,0,0
Informatization,2,0,1,0,0,1,0,0,0,0,0
Profit (economics),2,0,1,0,0,1,0,0,0,0,0
Supply and demand,2,0,1,0,0,1,0,0,0,0,0
Attribution,2,0,1,0,0,1,0,0,0,0,0
Commerce,2,0,1,0,0,1,0,0,0,0,0
Isolation (database systems),2,0,1,0,0,1,0,0,0,0,0
Multimedia,2,0,1,0,0,1,0,0,0,0,0
Product (category theory),2,0,1,0,0,1,0,0,0,0,0
Software portability,2,0,1,0,0,1,0,0,0,0,0
Strategic planning,2,0,1,0,0,1,0,0,0,0,0
Consumer protection,1,0,1,0,0,1,0,0,0,0,0
Distributed data store,1,0,1,0,0,1,0,0,0,0,0
Duopoly,1,0,1,0,0,1,0,0,0,0,0
Market abuse,1,0,1,0,0,1,0,0,0,0,0
Production line,1,0,1,0,0,1,0,0,0,0,0
Smart city,3,0,1,0,2,0,0,0,0,0,0
Discipline,3,0,1,1,1,0,0,0,0,0,0
Cohort,3,0,1,1,1,0,0,0,0,0,0
Epidemiology,4,2,1,0,1,0,0,0,0,0,0
End user,2,1,1,0,1,0,0,0,0,0,0
Philosophy of science,2,1,1,0,1,0,0,0,0,0,0
Cohort study,2,0,1,0,1,0,0,0,0,0,0
Environmental science,2,0,1,0,1,0,0,0,0,0,0
Literature,2,0,1,0,1,0,0,0,0,0,0
Download,2,0,1,0,1,0,0,0,0,0,0
Exploratory research,2,0,1,0,1,0,0,0,0,0,0
Greenhouse gas,2,0,1,0,1,0,0,0,0,0,0
Human immunodeficiency virus (HIV),2,0,1,0,1,0,0,0,0,0,0
Risk assessment,2,0,1,0,1,0,0,0,0,0,0
Tracing,2,0,1,0,1,0,0,0,0,0,0
Data structure,2,0,1,0,1,0,0,0,0,0,0
Datafication,2,0,1,0,1,0,0,0,0,0,0
Neurology,2,0,1,0,1,0,0,0,0,0,0
Reusability,2,0,1,0,1,0,0,0,0,0,0
External data,2,0,1,0,1,0,0,0,0,0,0
Hazardous waste,2,0,1,0,1,0,0,0,0,0,0
Implementation,2,0,1,0,1,0,0,0,0,0,0
Professional association,2,0,1,0,1,0,0,0,0,0,0
Semantics,2,0,1,0,1,0,0,0,0,0,0
Social care,2,0,1,0,1,0,0,0,0,0,0
SQL,2,0,1,0,1,0,0,0,0,0,0
Thematic map,2,0,1,0,1,0,0,0,0,0,0
Transcriptome,2,0,1,0,1,0,0,0,0,0,0
Graphical user interface,1,0,1,0,1,0,0,0,0,0,0
Misinformation,123,0,1,123,0,0,0,0,0,0,0
Social network analysis,7,0,1,6,0,0,0,0,0,0,0
Mainstream,6,0,1,5,0,0,0,0,0,0,0
Social psychology,5,0,1,4,0,0,0,0,0,0,0
Health promotion,4,0,1,3,0,0,0,0,0,0,0
News media,4,0,1,3,0,0,0,0,0,0,0
Confusion,3,0,1,2,0,0,0,0,0,0,0
Anxiety,3,0,1,2,0,0,0,0,0,0,0
Construct (philosophy),3,0,1,2,0,0,0,0,0,0,0
Socioeconomics,3,0,1,2,0,0,0,0,0,0,0
Internet users,3,0,1,2,0,0,0,0,0,0,0
Immunity,3,0,1,2,0,0,0,0,0,0,0
Mechanism (biology),2,1,1,1,0,0,0,0,0,0,0
Ideology,2,0,1,1,0,0,0,0,0,0,0
Interpretation (philosophy),2,0,1,1,0,0,0,0,0,0,0
Unintended consequences,2,0,1,1,0,0,0,0,0,0,0
Demographics,2,0,1,1,0,0,0,0,0,0,0
Exploit,2,0,1,1,0,0,0,0,0,0,0
Information processing,2,0,1,1,0,0,0,0,0,0,0
Latent Dirichlet allocation,2,0,1,1,0,0,0,0,0,0,0
Newspaper,2,0,1,1,0,0,0,0,0,0,0
Node (networking),2,0,1,1,0,0,0,0,0,0,0
Opportunity cost,2,0,1,1,0,0,0,0,0,0,0
SAFER,2,0,1,1,0,0,0,0,0,0,0
Scholarship,2,0,1,1,0,0,0,0,0,0,0
Science communication,2,0,1,1,0,0,0,0,0,0,0
Topic model,2,0,1,1,0,0,0,0,0,0,0
Air traffic control,2,0,1,1,0,0,0,0,0,0,0
Bridge (nautical),2,0,1,1,0,0,0,0,0,0,0
CINAHL,2,0,1,1,0,0,0,0,0,0,0
Climatology,2,0,1,1,0,0,0,0,0,0,0
Communication source,2,0,1,1,0,0,0,0,0,0,0
Data system,2,0,1,1,0,0,0,0,0,0,0
Disease surveillance,2,0,1,1,0,0,0,0,0,0,0
One Health,2,0,1,1,0,0,0,0,0,0,0
Reputation,2,0,1,1,0,0,0,0,0,0,0
Social computing,2,0,1,1,0,0,0,0,0,0,0
Social value orientations,2,0,1,1,0,0,0,0,0,0,0
Societal impact of nanotechnology,2,0,1,1,0,0,0,0,0,0,0
Collective intelligence,1,0,1,1,0,0,0,0,0,0,0
Yearbook,1,0,1,1,0,0,0,0,0,0,0
Gee,2,1,1,0,0,0,0,0,0,0,0
Disease burden,2,1,1,0,0,0,0,0,0,0,0
Grid,2,1,1,0,0,0,0,0,0,0,0
Refugee,2,1,1,0,0,0,0,0,0,0,0
Training set,2,1,1,0,0,0,0,0,0,0,0
Applications of artificial intelligence,2,1,1,0,0,0,0,0,0,0,0
Data aggregator,2,1,1,0,0,0,0,0,0,0,0
Entropy (information theory),1,0,1,0,0,0,0,0,0,0,0
Confusion and diffusion,1,0,1,0,0,0,0,0,0,0,0
Ikeda map,1,0,1,0,0,0,0,0,0,0,0
Key space,1,0,1,0,0,0,0,0,0,0,0
Pixel,1,0,1,0,0,0,0,0,0,0,0
CLARITY,1,0,1,0,0,0,0,0,0,0,0
Information technology management,1,0,1,0,0,0,0,0,0,0,0
Intervention (counseling),1,0,1,0,0,0,0,0,0,0,0
Internal medicine,1,0,1,0,0,0,0,0,0,0,0
Regression,1,0,1,0,0,0,0,0,0,0,0
Scientific evidence,1,0,1,0,0,0,0,0,0,0,0
Botany,1,0,1,0,0,0,0,0,0,0,0
Logistic regression,1,0,1,0,0,0,0,0,0,0,0
Stigma (botany),1,0,1,0,0,0,0,0,0,0,0
Virology,1,0,1,0,0,0,0,0,0,0,0
Health education,1,0,1,0,0,0,0,0,0,0,0
Meta-analysis,1,0,1,0,0,0,0,0,0,0,0
Social support,1,0,1,0,0,0,0,0,0,0,0
Drug development,1,0,1,0,0,0,0,0,0,0,0
Immigration,1,0,1,0,0,0,0,0,0,0,0
Integrated care,1,0,1,0,0,0,0,0,0,0,0
Knowledge base,1,0,1,0,0,0,0,0,0,0,0
Normative,1,0,1,0,0,0,0,0,0,0,0
Oncology,1,0,1,0,0,0,0,0,0,0,0
Public service,1,0,1,0,0,0,0,0,0,0,0
Risk perception,1,0,1,0,0,0,0,0,0,0,0
Actuarial science,1,0,1,0,0,0,0,0,0,0,0
Adversary,1,0,1,0,0,0,0,0,0,0,0
Depression (differential diagnoses),1,0,1,0,0,0,0,0,0,0,0
Ecology (disciplines),1,0,1,0,0,0,0,0,0,0,0
Exome sequencing,1,0,1,0,0,0,0,0,0,0,0
Framing (social sciences),1,0,1,0,0,0,0,0,0,0,0
Genetic association,1,0,1,0,0,0,0,0,0,0,0
Image segmentation,1,0,1,0,0,0,0,0,0,0,0
Inclusion (education),1,0,1,0,0,0,0,0,0,0,0
Information model,1,0,1,0,0,0,0,0,0,0,0
Meaning (existential),1,0,1,0,0,0,0,0,0,0,0
Polynomial,1,0,1,0,0,0,0,0,0,0,0
Predictive modelling,1,0,1,0,0,0,0,0,0,0,0
Response rate (survey),1,0,1,0,0,0,0,0,0,0,0
Social policy,1,0,1,0,0,0,0,0,0,0,0
Topology,1,0,1,0,0,0,0,0,0,0,0
Workforce,1,0,1,0,0,0,0,0,0,0,0
Child protection,1,0,1,0,0,0,0,0,0,0,0
Contact tracing,1,0,1,0,0,0,0,0,0,0,0
Data extraction,1,0,1,0,0,0,0,0,0,0,0
Drug resistance,1,0,1,0,0,0,0,0,0,0,0
Excellence,1,0,1,0,0,0,0,0,0,0,0
Feature vector,1,0,1,0,0,0,0,0,0,0,0
Generative grammar,1,0,1,0,0,0,0,0,0,0,0
Image (mathematics),1,0,1,0,0,0,0,0,0,0,0
Image quality,1,0,1,0,0,0,0,0,0,0,0
Infectious disease (medical specialty),1,0,1,0,0,0,0,0,0,0,0
Information ethics,1,0,1,0,0,0,0,0,0,0,0
International law,1,0,1,0,0,0,0,0,0,0,0
Logging,1,0,1,0,0,0,0,0,0,0,0
Manufacturing,1,0,1,0,0,0,0,0,0,0,0
Medical history,1,0,1,0,0,0,0,0,0,0,0
Mental illness,1,0,1,0,0,0,0,0,0,0,0
Overfitting,1,0,1,0,0,0,0,0,0,0,0
Peer support,1,0,1,0,0,0,0,0,0,0,0
Phylogenetics,1,0,1,0,0,0,0,0,0,0,0
Pneumonia,1,0,1,0,0,0,0,0,0,0,0
Probabilistic logic,1,0,1,0,0,0,0,0,0,0,0
Restructuring,1,0,1,0,0,0,0,0,0,0,0
Sociology of scientific knowledge,1,0,1,0,0,0,0,0,0,0,0
Statement (computer science),1,0,1,0,0,0,0,0,0,0,0
Access network,1,0,1,0,0,0,0,0,0,0,0
Aquifer,1,0,1,0,0,0,0,0,0,0,0
Atrial fibrillation,1,0,1,0,0,0,0,0,0,0,0
Base station,1,0,1,0,0,0,0,0,0,0,0
Betacoronavirus,1,0,1,0,0,0,0,0,0,0,0
Bipolar disorder,1,0,1,0,0,0,0,0,0,0,0
Building information modeling,1,0,1,0,0,0,0,0,0,0,0
Cellular network,1,0,1,0,0,0,0,0,0,0,0
Citation,1,0,1,0,0,0,0,0,0,0,0
Clinical study design,1,0,1,0,0,0,0,0,0,0,0
Collaborative filtering,1,0,1,0,0,0,0,0,0,0,0
Competence (human resources),1,0,1,0,0,0,0,0,0,0,0
Computer engineering,1,0,1,0,0,0,0,0,0,0,0
Coronavirus Infections,1,0,1,0,0,0,0,0,0,0,0
Credit risk,1,0,1,0,0,0,0,0,0,0,0
Cybercrime,1,0,1,0,0,0,0,0,0,0,0
Data integrity,1,0,1,0,0,0,0,0,0,0,0
Data processing,1,0,1,0,0,0,0,0,0,0,0
Disparate impact,1,0,1,0,0,0,0,0,0,0,0
Distancing,1,0,1,0,0,0,0,0,0,0,0
Economies of scale,1,0,1,0,0,0,0,0,0,0,0
Event (computing),1,0,1,0,0,0,0,0,0,0,0
Facilitator,1,0,1,0,0,0,0,0,0,0,0
Fidelity,1,0,1,0,0,0,0,0,0,0,0
Food safety,1,0,1,0,0,0,0,0,0,0,0
Genotype,1,0,1,0,0,0,0,0,0,0,0
German,1,0,1,0,0,0,0,0,0,0,0
Global network,1,0,1,0,0,0,0,0,0,0,0
Global Positioning System,1,0,1,0,0,0,0,0,0,0,0
Gradient boosting,1,0,1,0,0,0,0,0,0,0,0
Groundwater,1,0,1,0,0,0,0,0,0,0,0
Hash function,1,0,1,0,0,0,0,0,0,0,0
Health equity,1,0,1,0,0,0,0,0,0,0,0
Identifiability,1,0,1,0,0,0,0,0,0,0,0
Immunosuppression,1,0,1,0,0,0,0,0,0,0,0
In silico,1,0,1,0,0,0,0,0,0,0,0
Interface (computing),1,0,1,0,0,0,0,0,0,0,0
Jurisdiction,1,0,1,0,0,0,0,0,0,0,0
Knowledge sharing,1,0,1,0,0,0,0,0,0,0,0
Limit (mathematics),1,0,1,0,0,0,0,0,0,0,0
Malaria control,1,0,1,0,0,0,0,0,0,0,0
Markov decision process,1,0,1,0,0,0,0,0,0,0,0
Mega analysis,1,0,1,0,0,0,0,0,0,0,0
Mental image,1,0,1,0,0,0,0,0,0,0,0
Microblogging,1,0,1,0,0,0,0,0,0,0,0
Mobile computing,1,0,1,0,0,0,0,0,0,0,0
Multiplication,1,0,1,0,0,0,0,0,0,0,0
Mutual information,1,0,1,0,0,0,0,0,0,0,0
National health service,1,0,1,0,0,0,0,0,0,0,0
Network packet,1,0,1,0,0,0,0,0,0,0,0
Network performance,1,0,1,0,0,0,0,0,0,0,0
Network topology,1,0,1,0,0,0,0,0,0,0,0
Neurofeedback,1,0,1,0,0,0,0,0,0,0,0
Nonprobability sampling,1,0,1,0,0,0,0,0,0,0,0
Open research,1,0,1,0,0,0,0,0,0,0,0
Optics,1,0,1,0,0,0,0,0,0,0,0
Organizing principle,1,0,1,0,0,0,0,0,0,0,0
Outcome measures,1,0,1,0,0,0,0,0,0,0,0
Personalized medicine,1,0,1,0,0,0,0,0,0,0,0
Pharmacology,1,0,1,0,0,0,0,0,0,0,0
Placebo,1,0,1,0,0,0,0,0,0,0,0
Plasmodium falciparum,1,0,1,0,0,0,0,0,0,0,0
Prevention of dementia,1,0,1,0,0,0,0,0,0,0,0
Primary research,1,0,1,0,0,0,0,0,0,0,0
Process (computing),1,0,1,0,0,0,0,0,0,0,0
Program evaluation,1,0,1,0,0,0,0,0,0,0,0
Psychological science,1,0,1,0,0,0,0,0,0,0,0
Psychosocial,1,0,1,0,0,0,0,0,0,0,0
Public involvement,1,0,1,0,0,0,0,0,0,0,0
Record linkage,1,0,1,0,0,0,0,0,0,0,0
Relational database,1,0,1,0,0,0,0,0,0,0,0
Remote sensing,1,0,1,0,0,0,0,0,0,0,0
Responsible Research and Innovation,1,0,1,0,0,0,0,0,0,0,0
Riparian zone,1,0,1,0,0,0,0,0,0,0,0
Sampling (statistics),1,0,1,0,0,0,0,0,0,0,0
Scale (descriptive set theory),1,0,1,0,0,0,0,0,0,0,0
Schema (psychology),1,0,1,0,0,0,0,0,0,0,0
Scientific literature,1,0,1,0,0,0,0,0,0,0,0
Scripting language,1,0,1,0,0,0,0,0,0,0,0
Semi-supervised learning,1,0,1,0,0,0,0,0,0,0,0
Social studies,1,0,1,0,0,0,0,0,0,0,0
Staffing,1,0,1,0,0,0,0,0,0,0,0
Statistical power,1,0,1,0,0,0,0,0,0,0,0
Survey methodology,1,0,1,0,0,0,0,0,0,0,0
Sustainable management,1,0,1,0,0,0,0,0,0,0,0
Threatened species,1,0,1,0,0,0,0,0,0,0,0
Time complexity,1,0,1,0,0,0,0,0,0,0,0
Transparency (market),1,0,1,0,0,0,0,0,0,0,0
Trial registration,1,0,1,0,0,0,0,0,0,0,0
Trust management (information system),1,0,1,0,0,0,0,0,0,0,0
Unit (housing),1,0,1,0,0,0,0,0,0,0,0
Unstructured data,1,0,1,0,0,0,0,0,0,0,0
Variables,1,0,1,0,0,0,0,0,0,0,0
Vehicular ad hoc network,1,0,1,0,0,0,0,0,0,0,0
Vendor,1,0,1,0,0,0,0,0,0,0,0
Acceptable use policy,1,0,1,0,0,0,0,0,0,0,0
Access method,1,0,1,0,0,0,0,0,0,0,0
Action plan,1,0,1,0,0,0,0,0,0,0,0
Affective computing,1,0,1,0,0,0,0,0,0,0,0
Alternative methods,1,0,1,0,0,0,0,0,0,0,0
Analysis of clinical trials,1,0,1,0,0,0,0,0,0,0,0
Analytic hierarchy process,1,0,1,0,0,0,0,0,0,0,0
Anesthesia,1,0,1,0,0,0,0,0,0,0,0
Animal data,1,0,1,0,0,0,0,0,0,0,0
App store,1,0,1,0,0,0,0,0,0,0,0
Argumentative,1,0,1,0,0,0,0,0,0,0,0
Aspirin,1,0,1,0,0,0,0,0,0,0,0
Audit trail,1,0,1,0,0,0,0,0,0,0,0
Augmented reality,1,0,1,0,0,0,0,0,0,0,0
Backlash,1,0,1,0,0,0,0,0,0,0,0
Behavioral data,1,0,1,0,0,0,0,0,0,0,0
Benznidazole,1,0,1,0,0,0,0,0,0,0,0
Biomedicine,1,0,1,0,0,0,0,0,0,0,0
Biopower,1,0,1,0,0,0,0,0,0,0,0
Biorepository,1,0,1,0,0,0,0,0,0,0,0
Biotelemetry,1,0,1,0,0,0,0,0,0,0,0
Bird of prey,1,0,1,0,0,0,0,0,0,0,0
Bitwise operation,1,0,1,0,0,0,0,0,0,0,0
Bluetooth Low Energy,1,0,1,0,0,0,0,0,0,0,0
Boosting (machine learning),1,0,1,0,0,0,0,0,0,0,0
Bottleneck,1,0,1,0,0,0,0,0,0,0,0
Business Personnel,1,0,1,0,0,0,0,0,0,0,0
Care in the Community,1,0,1,0,0,0,0,0,0,0,0
Care plan,1,0,1,0,0,0,0,0,0,0,0
Case report form,1,0,1,0,0,0,0,0,0,0,0
Catchment area,1,0,1,0,0,0,0,0,0,0,0
Causal inference,1,0,1,0,0,0,0,0,0,0,0
Chebyshev filter,1,0,1,0,0,0,0,0,0,0,0
chEMBL,1,0,1,0,0,0,0,0,0,0,0
Child development,1,0,1,0,0,0,0,0,0,0,0
Clinical audit,1,0,1,0,0,0,0,0,0,0,0
Clinical efficacy,1,0,1,0,0,0,0,0,0,0,0
Clinical evaluation,1,0,1,0,0,0,0,0,0,0,0
Clinical genomics,1,0,1,0,0,0,0,0,0,0,0
Clinical governance,1,0,1,0,0,0,0,0,0,0,0
Clinical neurology,1,0,1,0,0,0,0,0,0,0,0
Clinical variables,1,0,1,0,0,0,0,0,0,0,0
Cloud storage,1,0,1,0,0,0,0,0,0,0,0
Cognitive decline,1,0,1,0,0,0,0,0,0,0,0
Cognitive radio,1,0,1,0,0,0,0,0,0,0,0
Collective action,1,0,1,0,0,0,0,0,0,0,0
Collective identity,1,0,1,0,0,0,0,0,0,0,0
Commercial software,1,0,1,0,0,0,0,0,0,0,0
Commodity,1,0,1,0,0,0,0,0,0,0,0
Common Data Element,1,0,1,0,0,0,0,0,0,0,0
Common framework,1,0,1,0,0,0,0,0,0,0,0
Community standards,1,0,1,0,0,0,0,0,0,0,0
Comparative genomics,1,0,1,0,0,0,0,0,0,0,0
Computer security model,1,0,1,0,0,0,0,0,0,0,0
Computer-aided process planning,1,0,1,0,0,0,0,0,0,0,0
Connectome,1,0,1,0,0,0,0,0,0,0,0
Connectomics,1,0,1,0,0,0,0,0,0,0,0
Consent Forms,1,0,1,0,0,0,0,0,0,0,0
Controller (computing),1,0,1,0,0,0,0,0,0,0,0
Convention on Biological Diversity,1,0,1,0,0,0,0,0,0,0,0
Convention on the Rights of the Child,1,0,1,0,0,0,0,0,0,0,0
Coproduction,1,0,1,0,0,0,0,0,0,0,0
Cover (telecommunications),1,0,1,0,0,0,0,0,0,0,0
Credential,1,0,1,0,0,0,0,0,0,0,0
Critical Care Outcomes,1,0,1,0,0,0,0,0,0,0,0
Cryptographic protocol,1,0,1,0,0,0,0,0,0,0,0
Cultural diversity,1,0,1,0,0,0,0,0,0,0,0
Custodians,1,0,1,0,0,0,0,0,0,0,0
Daily practice,1,0,1,0,0,0,0,0,0,0,0
Data compression,1,0,1,0,0,0,0,0,0,0,0
Data explosion,1,0,1,0,0,0,0,0,0,0,0
Data level,1,0,1,0,0,0,0,0,0,0,0
Data poor,1,0,1,0,0,0,0,0,0,0,0
Data Protection Directive,1,0,1,0,0,0,0,0,0,0,0
Data release,1,0,1,0,0,0,0,0,0,0,0
Data retention,1,0,1,0,0,0,0,0,0,0,0
Data set (IBM mainframe),1,0,1,0,0,0,0,0,0,0,0
Data stream mining,1,0,1,0,0,0,0,0,0,0,0
Database administrator,1,0,1,0,0,0,0,0,0,0,0
Datasets as Topic,1,0,1,0,0,0,0,0,0,0,0
Decision model,1,0,1,0,0,0,0,0,0,0,0
Deed,1,0,1,0,0,0,0,0,0,0,0
Dementia with Lewy bodies,1,0,1,0,0,0,0,0,0,0,0
Design science research,1,0,1,0,0,0,0,0,0,0,0
Digital pathology,1,0,1,0,0,0,0,0,0,0,0
Dilemma,1,0,1,0,0,0,0,0,0,0,0
Diplomacy,1,0,1,0,0,0,0,0,0,0,0
Discoverability,1,0,1,0,0,0,0,0,0,0,0
Disease Notification,1,0,1,0,0,0,0,0,0,0,0
Disparate system,1,0,1,0,0,0,0,0,0,0,0
Distributed manufacturing,1,0,1,0,0,0,0,0,0,0,0
DNA microarray experiment,1,0,1,0,0,0,0,0,0,0,0
DNA sequencing,1,0,1,0,0,0,0,0,0,0,0
Document-oriented database,1,0,1,0,0,0,0,0,0,0,0
Domestic violence,1,0,1,0,0,0,0,0,0,0,0
Dovetail joint,1,0,1,0,0,0,0,0,0,0,0
Drug discovery,1,0,1,0,0,0,0,0,0,0,0
Early stopping,1,0,1,0,0,0,0,0,0,0,0
Earth System Grid,1,0,1,0,0,0,0,0,0,0,0
East Asia,1,0,1,0,0,0,0,0,0,0,0
Ebola virus,1,0,1,0,0,0,0,0,0,0,0
Ecology and Evolutionary Biology,1,0,1,0,0,0,0,0,0,0,0
Economic advantage,1,0,1,0,0,0,0,0,0,0,0
Elliptic Curve Digital Signature Algorithm,1,0,1,0,0,0,0,0,0,0,0
Embeddedness,1,0,1,0,0,0,0,0,0,0,0
Emerging infectious disease,1,0,1,0,0,0,0,0,0,0,0
End-of-life care,1,0,1,0,0,0,0,0,0,0,0
Entitlement,1,0,1,0,0,0,0,0,0,0,0
Environmental data,1,0,1,0,0,0,0,0,0,0,0
Epidemiological Monitoring,1,0,1,0,0,0,0,0,0,0,0
Evidence-based medicine,1,0,1,0,0,0,0,0,0,0,0
Expediting,1,0,1,0,0,0,0,0,0,0,0
External auditor,1,0,1,0,0,0,0,0,0,0,0
Extracorporeal membrane oxygenation,1,0,1,0,0,0,0,0,0,0,0
Extreme weather,1,0,1,0,0,0,0,0,0,0,0
Eye infection,1,0,1,0,0,0,0,0,0,0,0
Eye tracking,1,0,1,0,0,0,0,0,0,0,0
Family history,1,0,1,0,0,0,0,0,0,0,0
Financial management,1,0,1,0,0,0,0,0,0,0,0
Financial sector,1,0,1,0,0,0,0,0,0,0,0
Financial transaction,1,0,1,0,0,0,0,0,0,0,0
Flexibility (personality),1,0,1,0,0,0,0,0,0,0,0
Forcing (mathematics),1,0,1,0,0,0,0,0,0,0,0
Forensic science,1,0,1,0,0,0,0,0,0,0,0
Framing effect,1,0,1,0,0,0,0,0,0,0,0
Functional networks,1,0,1,0,0,0,0,0,0,0,0
Functional neuroimaging,1,0,1,0,0,0,0,0,0,0,0
Fuzzy logic,1,0,1,0,0,0,0,0,0,0,0
Gateway (telecommunications),1,0,1,0,0,0,0,0,0,0,0
Genetic data,1,0,1,0,0,0,0,0,0,0,0
Geneticist,1,0,1,0,0,0,0,0,0,0,0
Genome profiling,1,0,1,0,0,0,0,0,0,0,0
Genomic data,1,0,1,0,0,0,0,0,0,0,0
Geological survey,1,0,1,0,0,0,0,0,0,0,0
Geotechnical engineering,1,0,1,0,0,0,0,0,0,0,0
Geriatric psychiatry,1,0,1,0,0,0,0,0,0,0,0
Germ cell tumors,1,0,1,0,0,0,0,0,0,0,0
Germplasm,1,0,1,0,0,0,0,0,0,0,0
Global mental health,1,0,1,0,0,0,0,0,0,0,0
Global strategy,1,0,1,0,0,0,0,0,0,0,0
Global temperature,1,0,1,0,0,0,0,0,0,0,0
Graph database,1,0,1,0,0,0,0,0,0,0,0
Groundwater recharge,1,0,1,0,0,0,0,0,0,0,0
Group method of data handling,1,0,1,0,0,0,0,0,0,0,0
Guiding Principles,1,0,1,0,0,0,0,0,0,0,0
Handover,1,0,1,0,0,0,0,0,0,0,0
Head injury,1,0,1,0,0,0,0,0,0,0,0
Health information technology,1,0,1,0,0,0,0,0,0,0,0
Health Insurance Portability and Accountability Act,1,0,1,0,0,0,0,0,0,0,0
Health knowledge,1,0,1,0,0,0,0,0,0,0,0
Health security,1,0,1,0,0,0,0,0,0,0,0
High-level design,1,0,1,0,0,0,0,0,0,0,0
History of science,1,0,1,0,0,0,0,0,0,0,0
Homogeneous,1,0,1,0,0,0,0,0,0,0,0
Horizontal gene transfer,1,0,1,0,0,0,0,0,0,0,0
Human research,1,0,1,0,0,0,0,0,0,0,0
Identity management,1,0,1,0,0,0,0,0,0,0,0
Identity privacy,1,0,1,0,0,0,0,0,0,0,0
Identity theft,1,0,1,0,0,0,0,0,0,0,0
Income distribution,1,0,1,0,0,0,0,0,0,0,0
Indel,1,0,1,0,0,0,0,0,0,0,0
Indonesian,1,0,1,0,0,0,0,0,0,0,0
Information Age,1,0,1,0,0,0,0,0,0,0,0
Information asymmetry,1,0,1,0,0,0,0,0,0,0,0
Information processing theory,1,0,1,0,0,0,0,0,0,0,0
Information security,1,0,1,0,0,0,0,0,0,0,0
Information sensitivity,1,0,1,0,0,0,0,0,0,0,0
Injustice,1,0,1,0,0,0,0,0,0,0,0
Interference (wave propagation),1,0,1,0,0,0,0,0,0,0,0
Internal validation,1,0,1,0,0,0,0,0,0,0,0
Interoperation,1,0,1,0,0,0,0,0,0,0,0
Interquartile range,1,0,1,0,0,0,0,0,0,0,0
Intrusion detection system,1,0,1,0,0,0,0,0,0,0,0
Join (sigma algebra),1,0,1,0,0,0,0,0,0,0,0
Joint probability distribution,1,0,1,0,0,0,0,0,0,0,0
Key issues,1,0,1,0,0,0,0,0,0,0,0
Key size,1,0,1,0,0,0,0,0,0,0,0
Land use,1,0,1,0,0,0,0,0,0,0,0
"Land use, land-use change and forestry",1,0,1,0,0,0,0,0,0,0,0
Large scale data,1,0,1,0,0,0,0,0,0,0,0
Learning models,1,0,1,0,0,0,0,0,0,0,0
Legacy system,1,0,1,0,0,0,0,0,0,0,0
Lens (optics),1,0,1,0,0,0,0,0,0,0,0
Lewy body,1,0,1,0,0,0,0,0,0,0,0
Licensure,1,0,1,0,0,0,0,0,0,0,0
Linkage (mechanical),1,0,1,0,0,0,0,0,0,0,0
Lived experience,1,0,1,0,0,0,0,0,0,0,0
Local community,1,0,1,0,0,0,0,0,0,0,0
Login,1,0,1,0,0,0,0,0,0,0,0
Longitudinal study,1,0,1,0,0,0,0,0,0,0,0
Loose coupling,1,0,1,0,0,0,0,0,0,0,0
Lossless compression,1,0,1,0,0,0,0,0,0,0,0
Low and middle income,1,0,1,0,0,0,0,0,0,0,0
Malpractice,1,0,1,0,0,0,0,0,0,0,0
Manufacturing execution system,1,0,1,0,0,0,0,0,0,0,0
Market competition,1,0,1,0,0,0,0,0,0,0,0
Market risk,1,0,1,0,0,0,0,0,0,0,0
Markov process,1,0,1,0,0,0,0,0,0,0,0
Mean absolute percentage error,1,0,1,0,0,0,0,0,0,0,0
Mean squared prediction error,1,0,1,0,0,0,0,0,0,0,0
Mediation,1,0,1,0,0,0,0,0,0,0,0
Medical laboratory,1,0,1,0,0,0,0,0,0,0,0
Medical research,1,0,1,0,0,0,0,0,0,0,0
Medical writing,1,0,1,0,0,0,0,0,0,0,0
Mesh networking,1,0,1,0,0,0,0,0,0,0,0
Meta research,1,0,1,0,0,0,0,0,0,0,0
Metabolomics,1,0,1,0,0,0,0,0,0,0,0
Milestone (project management),1,0,1,0,0,0,0,0,0,0,0
Minimum viable product,1,0,1,0,0,0,0,0,0,0,0
Mixed reality,1,0,1,0,0,0,0,0,0,0,0
Mobile device,1,0,1,0,0,0,0,0,0,0,0
Mobility management,1,0,1,0,0,0,0,0,0,0,0
Mobility model,1,0,1,0,0,0,0,0,0,0,0
Multi modal data,1,0,1,0,0,0,0,0,0,0,0
Multi-task learning,1,0,1,0,0,0,0,0,0,0,0
Multimethodology,1,0,1,0,0,0,0,0,0,0,0
Multimodal interaction,1,0,1,0,0,0,0,0,0,0,0
Multiple correspondence analysis,1,0,1,0,0,0,0,0,0,0,0
Multiple use,1,0,1,0,0,0,0,0,0,0,0
Multiple-criteria decision analysis,1,0,1,0,0,0,0,0,0,0,0
Nagoya Protocol,1,0,1,0,0,0,0,0,0,0,0
Nanopore sequencing,1,0,1,0,0,0,0,0,0,0,0
Network management,1,0,1,0,0,0,0,0,0,0,0
Network monitoring,1,0,1,0,0,0,0,0,0,0,0
Neuro oncology,1,0,1,0,0,0,0,0,0,0,0
Neurological techniques,1,0,1,0,0,0,0,0,0,0,0
Neuropsychology,1,0,1,0,0,0,0,0,0,0,0
Neuroradiology,1,0,1,0,0,0,0,0,0,0,0
Neurosurgery,1,0,1,0,0,0,0,0,0,0,0
New disease,1,0,1,0,0,0,0,0,0,0,0
Noise (video),1,0,1,0,0,0,0,0,0,0,0
North west,1,0,1,0,0,0,0,0,0,0,0
Nothing,1,0,1,0,0,0,0,0,0,0,0
Nucleotide sequencing,1,0,1,0,0,0,0,0,0,0,0
NUTRITION&DIETETICS,1,0,1,0,0,0,0,0,0,0,0
Obtaining consent,1,0,1,0,0,0,0,0,0,0,0
Onboarding,1,0,1,0,0,0,0,0,0,0,0
Open source,1,0,1,0,0,0,0,0,0,0,0
Optometry,1,0,1,0,0,0,0,0,0,0,0
Ordered logit,1,0,1,0,0,0,0,0,0,0,0
Organ donation,1,0,1,0,0,0,0,0,0,0,0
Organization development,1,0,1,0,0,0,0,0,0,0,0
Overall performance,1,0,1,0,0,0,0,0,0,0,0
Pairwise comparison,1,0,1,0,0,0,0,0,0,0,0
Palliative care,1,0,1,0,0,0,0,0,0,0,0
Pathogenomics,1,0,1,0,0,0,0,0,0,0,0
Pathosystem,1,0,1,0,0,0,0,0,0,0,0
Patient demographics,1,0,1,0,0,0,0,0,0,0,0
Patient recruitment,1,0,1,0,0,0,0,0,0,0,0
Patient representatives,1,0,1,0,0,0,0,0,0,0,0
Payment models,1,0,1,0,0,0,0,0,0,0,0
Payment service provider,1,0,1,0,0,0,0,0,0,0,0
PDCA,1,0,1,0,0,0,0,0,0,0,0
Permission,1,0,1,0,0,0,0,0,0,0,0
Personal health,1,0,1,0,0,0,0,0,0,0,0
Personal identity,1,0,1,0,0,0,0,0,0,0,0
Petabyte,1,0,1,0,0,0,0,0,0,0,0
Pharmaceutical industry,1,0,1,0,0,0,0,0,0,0,0
Philosophy of biology,1,0,1,0,0,0,0,0,0,0,0
Physical activity,1,0,1,0,0,0,0,0,0,0,0
Plain language,1,0,1,0,0,0,0,0,0,0,0
Plant foods,1,0,1,0,0,0,0,0,0,0,0
Plasmodium vivax,1,0,1,0,0,0,0,0,0,0,0
Policy analysis,1,0,1,0,0,0,0,0,0,0,0
Polycystic ovary,1,0,1,0,0,0,0,0,0,0,0
Pooling data,1,0,1,0,0,0,0,0,0,0,0
Post operative,1,0,1,0,0,0,0,0,0,0,0
Practice theory,1,0,1,0,0,0,0,0,0,0,0
Precipitation,1,0,1,0,0,0,0,0,0,0,0
Predictability,1,0,1,0,0,0,0,0,0,0,0
Predictive testing,1,0,1,0,0,0,0,0,0,0,0
Preprocessor,1,0,1,0,0,0,0,0,0,0,0
Present day,1,0,1,0,0,0,0,0,0,0,0
Presumed consent,1,0,1,0,0,0,0,0,0,0,0
Privacy-enhancing technologies,1,0,1,0,0,0,0,0,0,0,0
Probabilistic modelling,1,0,1,0,0,0,0,0,0,0,0
Problem list,1,0,1,0,0,0,0,0,0,0,0
Program management,1,0,1,0,0,0,0,0,0,0,0
Project manager,1,0,1,0,0,0,0,0,0,0,0
Proof of concept,1,0,1,0,0,0,0,0,0,0,0
Prophage,1,0,1,0,0,0,0,0,0,0,0
Pseudonymization,1,0,1,0,0,0,0,0,0,0,0
Pseudonymized,1,0,1,0,0,0,0,0,0,0,0
Psychiatric genetics,1,0,1,0,0,0,0,0,0,0,0
Public land mobile network,1,0,1,0,0,0,0,0,0,0,0
Public participation,1,0,1,0,0,0,0,0,0,0,0
Public transport,1,0,1,0,0,0,0,0,0,0,0
Puccinia,1,0,1,0,0,0,0,0,0,0,0
Quantum,1,0,1,0,0,0,0,0,0,0,0
R Programming Language,1,0,1,0,0,0,0,0,0,0,0
Radiation therapy,1,0,1,0,0,0,0,0,0,0,0
Radiative forcing,1,0,1,0,0,0,0,0,0,0,0
Radio access network,1,0,1,0,0,0,0,0,0,0,0
Range (mathematics),1,0,1,0,0,0,0,0,0,0,0
Rare disease,1,0,1,0,0,0,0,0,0,0,0
Real image,1,0,1,0,0,0,0,0,0,0,0
Real time analytics,1,0,1,0,0,0,0,0,0,0,0
Reciprocity (evolution),1,0,1,0,0,0,0,0,0,0,0
Reciprocity (social psychology),1,0,1,0,0,0,0,0,0,0,0
Register (sociolinguistics),1,0,1,0,0,0,0,0,0,0,0
Relative value,1,0,1,0,0,0,0,0,0,0,0
Remuneration,1,0,1,0,0,0,0,0,0,0,0
Replay attack,1,0,1,0,0,0,0,0,0,0,0
Report card,1,0,1,0,0,0,0,0,0,0,0
Research community,1,0,1,0,0,0,0,0,0,0,0
Research information,1,0,1,0,0,0,0,0,0,0,0
Resistance monitoring,1,0,1,0,0,0,0,0,0,0,0
Respiratory failure,1,0,1,0,0,0,0,0,0,0,0
Retention time,1,0,1,0,0,0,0,0,0,0,0
Return of results,1,0,1,0,0,0,0,0,0,0,0
Revenue management,1,0,1,0,0,0,0,0,0,0,0
Revocation,1,0,1,0,0,0,0,0,0,0,0
Risk category,1,0,1,0,0,0,0,0,0,0,0
RNA-Seq,1,0,1,0,0,0,0,0,0,0,0
Role-based access control,1,0,1,0,0,0,0,0,0,0,0
Rounding,1,0,1,0,0,0,0,0,0,0,0
Routing protocol,1,0,1,0,0,0,0,0,0,0,0
Salient,1,0,1,0,0,0,0,0,0,0,0
Sampling frame,1,0,1,0,0,0,0,0,0,0,0
Sanctions,1,0,1,0,0,0,0,0,0,0,0
SCADA,1,0,1,0,0,0,0,0,0,0,0
Science policy,1,0,1,0,0,0,0,0,0,0,0
Scientific discovery,1,0,1,0,0,0,0,0,0,0,0
Scientific literacy,1,0,1,0,0,0,0,0,0,0,0
Sea ice,1,0,1,0,0,0,0,0,0,0,0
Secure authentication,1,0,1,0,0,0,0,0,0,0,0
Security controls,1,0,1,0,0,0,0,0,0,0,0
Security information and event management,1,0,1,0,0,0,0,0,0,0,0
Self tracking,1,0,1,0,0,0,0,0,0,0,0
Self-management,1,0,1,0,0,0,0,0,0,0,0
Semantic security,1,0,1,0,0,0,0,0,0,0,0
Service development,1,0,1,0,0,0,0,0,0,0,0
Service innovation,1,0,1,0,0,0,0,0,0,0,0
Service management,1,0,1,0,0,0,0,0,0,0,0
Severity of illness,1,0,1,0,0,0,0,0,0,0,0
Shared leadership,1,0,1,0,0,0,0,0,0,0,0
Simple sample,1,0,1,0,0,0,0,0,0,0,0
Single-nucleotide polymorphism,1,0,1,0,0,0,0,0,0,0,0
Situation analysis,1,0,1,0,0,0,0,0,0,0,0
Social isolation,1,0,1,0,0,0,0,0,0,0,0
SOCRATES,1,0,1,0,0,0,0,0,0,0,0
Software system,1,0,1,0,0,0,0,0,0,0,0
Solidarity,1,0,1,0,0,0,0,0,0,0,0
Source code,1,0,1,0,0,0,0,0,0,0,0
South asia,1,0,1,0,0,0,0,0,0,0,0
Species at risk,1,0,1,0,0,0,0,0,0,0,0
Speech synthesis,1,0,1,0,0,0,0,0,0,0,0
Speedup,1,0,1,0,0,0,0,0,0,0,0
Spite,1,0,1,0,0,0,0,0,0,0,0
Standard operating procedure,1,0,1,0,0,0,0,0,0,0,0
Status quo,1,0,1,0,0,0,0,0,0,0,0
Steganography,1,0,1,0,0,0,0,0,0,0,0
Storage security,1,0,1,0,0,0,0,0,0,0,0
Stroke,1,0,1,0,0,0,0,0,0,0,0
Structural equation modeling,1,0,1,0,0,0,0,0,0,0,0
Structured interview,1,0,1,0,0,0,0,0,0,0,0
Subspecialty,1,0,1,0,0,0,0,0,0,0,0
Suite,1,0,1,0,0,0,0,0,0,0,0
Summary data,1,0,1,0,0,0,0,0,0,0,0
Systematized Nomenclature of Medicine,1,0,1,0,0,0,0,0,0,0,0
Systems science,1,0,1,0,0,0,0,0,0,0,0
Tacit knowledge,1,0,1,0,0,0,0,0,0,0,0
Task (computing),1,0,1,0,0,0,0,0,0,0,0
Text recognition,1,0,1,0,0,0,0,0,0,0,0
The Imaginary,1,0,1,0,0,0,0,0,0,0,0
Theoretical definition,1,0,1,0,0,0,0,0,0,0,0
Therapeutic immunosuppression,1,0,1,0,0,0,0,0,0,0,0
Tier 2 network,1,0,1,0,0,0,0,0,0,0,0
Time horizon,1,0,1,0,0,0,0,0,0,0,0
TOPSIS,1,0,1,0,0,0,0,0,0,0,0
Torres strait,1,0,1,0,0,0,0,0,0,0,0
TRACE (psycholinguistics),1,0,1,0,0,0,0,0,0,0,0
Tracking (education),1,0,1,0,0,0,0,0,0,0,0
Traffic congestion,1,0,1,0,0,0,0,0,0,0,0
Transaction data,1,0,1,0,0,0,0,0,0,0,0
Transaction time,1,0,1,0,0,0,0,0,0,0,0
Transferability,1,0,1,0,0,0,0,0,0,0,0
Transformation (music),1,0,1,0,0,0,0,0,0,0,0
Transmission (mechanics),1,0,1,0,0,0,0,0,0,0,0
Transplantation,1,0,1,0,0,0,0,0,0,0,0
Transport engineering,1,0,1,0,0,0,0,0,0,0,0
Traumatic brain injury,1,0,1,0,0,0,0,0,0,0,0
Treaty,1,0,1,0,0,0,0,0,0,0,0
Triage,1,0,1,0,0,0,0,0,0,0,0
Trusted system,1,0,1,0,0,0,0,0,0,0,0
Unbundling,1,0,1,0,0,0,0,0,0,0,0
Underpinning,1,0,1,0,0,0,0,0,0,0,0
Unexpected events,1,0,1,0,0,0,0,0,0,0,0
United Nations Convention on the Law of the Sea,1,0,1,0,0,0,0,0,0,0,0
Untargeted metabolomics,1,0,1,0,0,0,0,0,0,0,0
Usage data,1,0,1,0,0,0,0,0,0,0,0
Value pluralism,1,0,1,0,0,0,0,0,0,0,0
Variant Call Format,1,0,1,0,0,0,0,0,0,0,0
Victimisation,1,0,1,0,0,0,0,0,0,0,0
Viewpoints,1,0,1,0,0,0,0,0,0,0,0
Vital signs,1,0,1,0,0,0,0,0,0,0,0
Vitamin K antagonist,1,0,1,0,0,0,0,0,0,0,0
Vulnerability (computing),1,0,1,0,0,0,0,0,0,0,0
Vulnerability assessment,1,0,1,0,0,0,0,0,0,0,0
Waiver,1,0,1,0,0,0,0,0,0,0,0
Warfarin,1,0,1,0,0,0,0,0,0,0,0
Watson,1,0,1,0,0,0,0,0,0,0,0
Weather and climate,1,0,1,0,0,0,0,0,0,0,0
Web of knowledge,1,0,1,0,0,0,0,0,0,0,0
West bengal,1,0,1,0,0,0,0,0,0,0,0
Wildcard,1,0,1,0,0,0,0,0,0,0,0
Workload,1,0,1,0,0,0,0,0,0,0,0
Profiling (information science),4,0,0,0,0,1,1,0,0,0,3
Administrative law,3,0,0,0,0,0,0,0,0,0,3
Legal compliance,2,0,0,0,0,0,0,0,0,0,2
Web science,3,2,0,0,0,0,0,0,1,0,1
Child labour,1,0,0,0,0,0,1,0,0,0,1
Revenue model,1,0,0,0,0,0,1,0,0,0,1
Law and economics,4,0,0,0,0,2,0,0,0,0,1
Function (engineering),3,0,0,0,1,1,0,0,0,0,1
Polity,5,0,0,3,0,1,0,0,0,0,1
State (polity),4,0,0,2,0,1,0,0,0,0,1
Automation,2,0,0,0,0,1,0,0,0,0,1
Globalization,2,0,0,0,0,1,0,0,0,0,1
Good governance,2,0,0,0,0,1,0,0,0,0,1
Judicial review,2,0,0,0,0,1,0,0,0,0,1
restrict,2,0,0,0,1,0,0,0,0,0,1
Domain knowledge,2,0,0,0,1,0,0,0,0,0,1
Position paper,2,1,0,1,0,0,0,0,0,0,1
Decision tree,2,0,0,1,0,0,0,0,0,0,1
Correctness,2,0,0,1,0,0,0,0,0,0,1
Ai systems,1,1,0,0,0,0,0,0,0,0,1
Multitude,1,1,0,0,0,0,0,0,0,0,1
Subject (documents),1,1,0,0,0,0,0,0,0,0,1
Rule of law,1,0,0,0,0,0,0,0,0,0,1
Aesthetics,1,0,0,0,0,0,0,0,0,0,1
Anomaly detection,1,0,0,0,0,0,0,0,0,0,1
Colonialism,1,0,0,0,0,0,0,0,0,0,1
Consistency (database systems),1,0,0,0,0,0,0,0,0,0,1
Consistency (negotiation),1,0,0,0,0,0,0,0,0,0,1
Electronic health record,1,0,0,0,0,0,0,0,0,0,1
Loan,1,0,0,0,0,0,0,0,0,0,1
Neglect,1,0,0,0,0,0,0,0,0,0,1
Neoliberalism,1,0,0,0,0,0,0,0,0,0,1
Object (computer science),1,0,0,0,0,0,0,0,0,0,1
Resource allocation (computer),1,0,0,0,0,0,0,0,0,0,1
Software development process,1,0,0,0,0,0,0,0,0,0,1
Artificial intuition,1,0,0,0,0,0,0,0,0,0,1
Black box,1,0,0,0,0,0,0,0,0,0,1
Business case,1,0,0,0,0,0,0,0,0,0,1
Carry (arithmetic),1,0,0,0,0,0,0,0,0,0,1
Computational complexity theory,1,0,0,0,0,0,0,0,0,0,1
Evidential reasoning approach,1,0,0,0,0,0,0,0,0,0,1
Facial recognition system,1,0,0,0,0,0,0,0,0,0,1
Feature extraction,1,0,0,0,0,0,0,0,0,0,1
Good government,1,0,0,0,0,0,0,0,0,0,1
Heuristic,1,0,0,0,0,0,0,0,0,0,1
Immersive technology,1,0,0,0,0,0,0,0,0,0,1
Jurisprudence,1,0,0,0,0,0,0,0,0,0,1
Knowledge extraction,1,0,0,0,0,0,0,0,0,0,1
Medical services,1,0,0,0,0,0,0,0,0,0,1
Mortgage underwriting,1,0,0,0,0,0,0,0,0,0,1
Neocolonialism,1,0,0,0,0,0,0,0,0,0,1
Network approach,1,0,0,0,0,0,0,0,0,0,1
Oppression,1,0,0,0,0,0,0,0,0,0,1
Redlining,1,0,0,0,0,0,0,0,0,0,1
Replicate,1,0,0,0,0,0,0,0,0,0,1
Similarity (psychology),1,0,0,0,0,0,0,0,0,0,1
Single source of truth,1,0,0,0,0,0,0,0,0,0,1
Underwriting,1,0,0,0,0,0,0,0,0,0,1
Brexit,1,0,0,0,0,1,0,0,0,1,0
Parliament,1,0,0,0,0,1,0,0,0,1,0
Welsh,1,0,0,0,0,1,0,0,0,1,0
Data literacy,10,0,0,0,0,0,1,0,10,0,0
Learning analytics,4,0,0,1,0,0,0,0,3,0,0
Mathematics education,4,1,0,0,0,1,0,0,2,0,0
Citizenship,5,1,0,1,2,0,0,0,2,0,0
Digital literacy,5,0,0,3,0,0,0,0,2,0,0
Data as a service,1,0,0,0,0,0,1,0,1,0,0
Market segmentation,1,0,0,0,0,0,1,0,1,0,0
Open government,2,0,0,0,0,1,0,0,1,0,0
Curriculum,4,1,0,2,1,0,0,0,1,0,0
Empowerment,2,0,0,0,1,0,0,0,1,0,0
Media literacy,6,0,0,5,0,0,0,0,1,0,0
Information literacy,4,0,0,3,0,0,0,0,1,0,0
Civil society,4,0,0,3,0,0,0,0,1,0,0
Foundation (evidence),2,0,0,1,0,0,0,0,1,0,0
Meaning (linguistics),2,0,0,1,0,0,0,0,1,0,0
Open education,2,0,0,1,0,0,0,0,1,0,0
Pedagogy,1,0,0,0,0,0,0,0,1,0,0
Carpentry,1,0,0,0,0,0,0,0,1,0,0
Co-design,1,0,0,0,0,0,0,0,1,0,0
Computational thinking,1,0,0,0,0,0,0,0,1,0,0
Contemporary society,1,0,0,0,0,0,0,0,1,0,0
Critical data studies,1,0,0,0,0,0,0,0,1,0,0
Democratic education,1,0,0,0,0,0,0,0,1,0,0
Design tool,1,0,0,0,0,0,0,0,1,0,0
Economic Justice,1,0,0,0,0,0,0,0,1,0,0
Engineering design process,1,0,0,0,0,0,0,0,1,0,0
Interactive Tutorial,1,0,0,0,0,0,0,0,1,0,0
Latin Americans,1,0,0,0,0,0,0,0,1,0,0
Live coding,1,0,0,0,0,0,0,0,1,0,0
Neutrality,1,0,0,0,0,0,0,0,1,0,0
Open educational resources,1,0,0,0,0,0,0,0,1,0,0
Problematization,1,0,0,0,0,0,0,0,1,0,0
Reading (process),1,0,0,0,0,0,0,0,1,0,0
Relation (history of concept),1,0,0,0,0,0,0,0,1,0,0
Remedial education,1,0,0,0,0,0,0,0,1,0,0
Skills training,1,0,0,0,0,0,0,0,1,0,0
Public interest,2,0,0,0,0,1,1,1,0,0,0
Digital ecosystem,2,0,0,0,0,0,1,1,0,0,0
Maturity (finance),2,0,0,0,1,0,0,1,0,0,0
Independent research,1,0,0,0,1,0,0,1,0,0,0
Toolbox,1,0,0,0,1,0,0,1,0,0,0
Elixir (programming language),2,0,0,0,1,0,2,0,0,0,0
Cost–benefit analysis,2,0,0,0,0,0,2,0,0,0,0
Value (mathematics),2,0,0,0,0,0,2,0,0,0,0
Value of information,2,0,0,0,0,0,2,0,0,0,0
Political economy,7,0,0,4,0,3,1,0,0,0,0
Epistemology,4,0,0,1,1,1,1,0,0,0,0
Digital rights,3,0,0,1,1,1,1,0,0,0,0
Mindset,3,0,0,0,1,1,1,0,0,0,0
Phenome,3,0,0,1,0,1,1,0,0,0,0
Scrutiny,2,0,0,1,0,1,1,0,0,0,0
Commission,2,0,0,0,0,1,1,0,0,0,0
Welfare,2,0,0,0,0,1,1,0,0,0,0
Index (economics),2,0,0,0,0,1,1,0,0,0,0
Commodification,1,0,0,0,0,1,1,0,0,0,0
Critical mass (sociodynamics),1,0,0,0,0,1,1,0,0,0,0
Dominance (economics),1,0,0,0,0,1,1,0,0,0,0
Explanatory power,1,0,0,0,0,1,1,0,0,0,0
Marketization,1,0,0,0,0,1,1,0,0,0,0
Network effect,1,0,0,0,0,1,1,0,0,0,0
Redistribution (cultural anthropology),1,0,0,0,0,1,1,0,0,0,0
Data curation,2,0,0,0,2,0,1,0,0,0,0
Semantic technology,2,0,0,0,2,0,1,0,0,0,0
Action research,2,0,0,0,1,0,1,0,0,0,0
Added value,1,0,0,0,1,0,1,0,0,0,0
Biodata,1,0,0,0,1,0,1,0,0,0,0
Biological data,1,0,0,0,1,0,1,0,0,0,0
Landslide,1,0,0,0,1,0,1,0,0,0,0
Linguistic linked open data,1,0,0,0,1,0,1,0,0,0,0
Monetary value,1,0,0,0,1,0,1,0,0,0,0
Well-being,1,0,0,0,1,0,1,0,0,0,0
Management system,2,0,0,1,0,0,1,0,0,0,0
Rationality,2,0,0,1,0,0,1,0,0,0,0
Dimension (data warehouse),2,1,0,0,0,0,1,0,0,0,0
Social Welfare,1,0,0,0,0,0,1,0,0,0,0
Externality,1,0,0,0,0,0,1,0,0,0,0
Participatory action research,1,0,0,0,0,0,1,0,0,0,0
Value chain,1,0,0,0,0,0,1,0,0,0,0
Asset (economics),1,0,0,0,0,0,1,0,0,0,0
Asset management,1,0,0,0,0,0,1,0,0,0,0
Bounded rationality,1,0,0,0,0,0,1,0,0,0,0
Business ecosystem,1,0,0,0,0,0,1,0,0,0,0
Capital budgeting,1,0,0,0,0,0,1,0,0,0,0
Community organization,1,0,0,0,0,0,1,0,0,0,0
Community organizing,1,0,0,0,0,0,1,0,0,0,0
Environmental stewardship,1,0,0,0,0,0,1,0,0,0,0
Interrogation,1,0,0,0,0,0,1,0,0,0,0
Marine life,1,0,0,0,0,0,1,0,0,0,0
Microscopy,1,0,0,0,0,0,1,0,0,0,0
Nuclear decommissioning,1,0,0,0,0,0,1,0,0,0,0
Open innovation,1,0,0,0,0,0,1,0,0,0,0
Premise,1,0,0,0,0,0,1,0,0,0,0
Quality assurance,1,0,0,0,0,0,1,0,0,0,0
Quality costs,1,0,0,0,0,0,1,0,0,0,0
Quality management system,1,0,0,0,0,0,1,0,0,0,0
Register of data controllers,1,0,0,0,0,0,1,0,0,0,0
Remotely operated underwater vehicle,1,0,0,0,0,0,1,0,0,0,0
Social justice,1,0,0,0,0,0,1,0,0,0,0
Subsea,1,0,0,0,0,0,1,0,0,0,0
Translational research,1,0,0,0,0,0,1,0,0,0,0
Triangulation (geometry),1,0,0,0,0,0,1,0,0,0,0
User profile,1,0,0,0,0,0,1,0,0,0,0
Valuation (finance),1,0,0,0,0,0,1,0,0,0,0
Economic policy,4,0,0,0,0,4,0,0,0,0,0
Sustainable development,6,0,0,3,0,3,0,0,0,0,0
Inequality,3,0,0,0,0,3,0,0,0,0,0
Market power,3,0,0,0,0,3,0,0,0,0,0
Competition policy,3,0,0,0,0,3,0,0,0,0,0
Entrepreneurship,3,0,0,0,0,3,0,0,0,0,0
Media studies,9,0,0,6,1,2,0,0,0,0,0
Systemic risk,3,0,0,0,1,2,0,0,0,0,0
Development economics,2,0,0,0,0,2,0,0,0,0,0
Accounting,2,0,0,0,0,2,0,0,0,0,0
Diversification (marketing strategy),2,0,0,0,0,2,0,0,0,0,0
Economic system,2,0,0,0,0,2,0,0,0,0,0
Market definition,2,0,0,0,0,2,0,0,0,0,0
Market failure,2,0,0,0,0,2,0,0,0,0,0
Originality,2,0,0,0,0,2,0,0,0,0,0
Typology,2,0,0,0,0,2,0,0,0,0,0
Digital strategy,2,0,0,0,0,2,0,0,0,0,0
Engineering management,2,0,0,0,0,2,0,0,0,0,0
Financial crisis,2,0,0,0,0,2,0,0,0,0,0
Global governance,2,0,0,0,0,2,0,0,0,0,0
International economics,2,0,0,0,0,2,0,0,0,0,0
Nexus (standard),2,0,0,0,0,2,0,0,0,0,0
Pillar,2,0,0,0,0,2,0,0,0,0,0
Corporation,2,0,0,0,1,1,0,0,0,0,0
Multinational corporation,2,0,0,0,1,1,0,0,0,0,0
Natural resource economics,2,0,0,0,1,1,0,0,0,0,0
Coding (social sciences),2,0,0,0,1,1,0,0,0,0,0
Reflection (computer graphics),2,0,0,0,1,1,0,0,0,0,0
Decentralization,2,0,0,0,1,1,0,0,0,0,0
Efficient energy use,2,0,0,0,1,1,0,0,0,0,0
Relevance (information retrieval),3,0,0,2,0,1,0,0,0,0,0
New media,3,0,0,2,0,1,0,0,0,0,0
Popularity,3,0,0,2,0,1,0,0,0,0,0
Rhetoric,3,1,0,1,0,1,0,0,0,0,0
Rural area,2,0,0,1,0,1,0,0,0,0,0
Sovereignty,2,0,0,1,0,1,0,0,0,0,0
Boundary spanning,2,0,0,1,0,1,0,0,0,0,0
Emotional intelligence,2,0,0,1,0,1,0,0,0,0,0
Moderation,2,0,0,1,0,1,0,0,0,0,0
Phenomenon,2,0,0,1,0,1,0,0,0,0,0
User-generated content,2,0,0,1,0,1,0,0,0,0,0
Corporate social responsibility,2,1,0,0,0,1,0,0,0,0,0
Core business,2,1,0,0,0,1,0,0,0,0,0
Monetization,2,1,0,0,0,1,0,0,0,0,0
Monetary economics,1,0,0,0,0,1,0,0,0,0,0
Poverty,1,0,0,0,0,1,0,0,0,0,0
Action (philosophy),1,0,0,0,0,1,0,0,0,0,0
Econometrics,1,0,0,0,0,1,0,0,0,0,0
Principal (computer security),1,0,0,0,0,1,0,0,0,0,0
Financial system,1,0,0,0,0,1,0,0,0,0,0
Industrial and organizational psychology,1,0,0,0,0,1,0,0,0,0,0
Lagging,1,0,0,0,0,1,0,0,0,0,0
Research question,1,0,0,0,0,1,0,0,0,0,0
Big Five personality traits,1,0,0,0,0,1,0,0,0,0,0
Closing (real estate),1,0,0,0,0,1,0,0,0,0,0
Common law,1,0,0,0,0,1,0,0,0,0,0
Computer data storage,1,0,0,0,0,1,0,0,0,0,0
Consumer behaviour,1,0,0,0,0,1,0,0,0,0,0
Debt,1,0,0,0,0,1,0,0,0,0,0
E-governance,1,0,0,0,0,1,0,0,0,0,0
Economic history,1,0,0,0,0,1,0,0,0,0,0
Energy (signal processing),1,0,0,0,0,1,0,0,0,0,0
Estonian,1,0,0,0,0,1,0,0,0,0,0
FinTech,1,0,0,0,0,1,0,0,0,0,0
Fiscal policy,1,0,0,0,0,1,0,0,0,0,0
Metaphysics,1,0,0,0,0,1,0,0,0,0,0
National security,1,0,0,0,0,1,0,0,0,0,0
Online community,1,0,0,0,0,1,0,0,0,0,0
Operations research,1,0,0,0,0,1,0,0,0,0,0
Paradigm shift,1,0,0,0,0,1,0,0,0,0,0
Power management,1,0,0,0,0,1,0,0,0,0,0
Real-time computing,1,0,0,0,0,1,0,0,0,0,0
Relevant market,1,0,0,0,0,1,0,0,0,0,0
Social class,1,0,0,0,0,1,0,0,0,0,0
Social contract,1,0,0,0,0,1,0,0,0,0,0
Social inequality,1,0,0,0,0,1,0,0,0,0,0
Tourism,1,0,0,0,0,1,0,0,0,0,0
Treasury,1,0,0,0,0,1,0,0,0,0,0
Administration (government),1,0,0,0,0,1,0,0,0,0,0
Algorithm design,1,0,0,0,0,1,0,0,0,0,0
Amazon rainforest,1,0,0,0,0,1,0,0,0,0,0
Assemblage (composition),1,0,0,0,0,1,0,0,0,0,0
Balance (metaphysics),1,0,0,0,0,1,0,0,0,0,0
Bargaining power,1,0,0,0,0,1,0,0,0,0,0
Boundary (real estate),1,0,0,0,0,1,0,0,0,0,0
Business continuity,1,0,0,0,0,1,0,0,0,0,0
Business sector,1,0,0,0,0,1,0,0,0,0,0
Capital (economics),1,0,0,0,0,1,0,0,0,0,0
Capital good,1,0,0,0,0,1,0,0,0,0,0
Capitalism,1,0,0,0,0,1,0,0,0,0,0
Central asia,1,0,0,0,0,1,0,0,0,0,0
Collaborative programming,1,0,0,0,0,1,0,0,0,0,0
Compass,1,0,0,0,0,1,0,0,0,0,0
Competitor analysis,1,0,0,0,0,1,0,0,0,0,0
Conformity,1,0,0,0,0,1,0,0,0,0,0
Controllability,1,0,0,0,0,1,0,0,0,0,0
Copyright law,1,0,0,0,0,1,0,0,0,0,0
Cost of capital,1,0,0,0,0,1,0,0,0,0,0
Credit rating,1,0,0,0,0,1,0,0,0,0,0
Critical assessment,1,0,0,0,0,1,0,0,0,0,0
Customer satisfaction,1,0,0,0,0,1,0,0,0,0,0
Data center,1,0,0,0,0,1,0,0,0,0,0
Deductive reasoning,1,0,0,0,0,1,0,0,0,0,0
Default risk,1,0,0,0,0,1,0,0,0,0,0
Digital asset,1,0,0,0,0,1,0,0,0,0,0
Digital business,1,0,0,0,0,1,0,0,0,0,0
Digital capital,1,0,0,0,0,1,0,0,0,0,0
Dignity,1,0,0,0,0,1,0,0,0,0,0
E-commerce,1,0,0,0,0,1,0,0,0,0,0
Economic geography,1,0,0,0,0,1,0,0,0,0,0
Economic model,1,0,0,0,0,1,0,0,0,0,0
Edited volume,1,0,0,0,0,1,0,0,0,0,0
Editorial team,1,0,0,0,0,1,0,0,0,0,0
Electric power,1,0,0,0,0,1,0,0,0,0,0
Enhanced Telecom Operations Map,1,0,0,0,0,1,0,0,0,0,0
Event (relativity),1,0,0,0,0,1,0,0,0,0,0
Filmmaking,1,0,0,0,0,1,0,0,0,0,0
Financial econometrics,1,0,0,0,0,1,0,0,0,0,0
Financial economics,1,0,0,0,0,1,0,0,0,0,0
Foreclosure,1,0,0,0,0,1,0,0,0,0,0
Growth accounting,1,0,0,0,0,1,0,0,0,0,0
High tech,1,0,0,0,0,1,0,0,0,0,0
Home based,1,0,0,0,0,1,0,0,0,0,0
Identification (psychology),1,0,0,0,0,1,0,0,0,0,0
Industrial engineering,1,0,0,0,0,1,0,0,0,0,0
Industrial Revolution,1,0,0,0,0,1,0,0,0,0,0
Industrialisation,1,0,0,0,0,1,0,0,0,0,0
Information industry,1,0,0,0,0,1,0,0,0,0,0
Innovation economics,1,0,0,0,0,1,0,0,0,0,0
Interim report,1,0,0,0,0,1,0,0,0,0,0
International investment,1,0,0,0,0,1,0,0,0,0,0
Internationalization,1,0,0,0,0,1,0,0,0,0,0
Labour law,1,0,0,0,0,1,0,0,0,0,0
Livelihood,1,0,0,0,0,1,0,0,0,0,0
Machinima,1,0,0,0,0,1,0,0,0,0,0
Market structure,1,0,0,0,0,1,0,0,0,0,0
Mathematical sciences,1,0,0,0,0,1,0,0,0,0,0
Monetary policy,1,0,0,0,0,1,0,0,0,0,0
Monopoly,1,0,0,0,0,1,0,0,0,0,0
Network economy,1,0,0,0,0,1,0,0,0,0,0
Nonlinear programming,1,0,0,0,0,1,0,0,0,0,0
Offshoring,1,0,0,0,0,1,0,0,0,0,0
Operational risk management,1,0,0,0,0,1,0,0,0,0,0
Organizational communication,1,0,0,0,0,1,0,0,0,0,0
Organizational knowledge,1,0,0,0,0,1,0,0,0,0,0
Permanent establishment,1,0,0,0,0,1,0,0,0,0,0
Personal rights,1,0,0,0,0,1,0,0,0,0,0
Political authority,1,0,0,0,0,1,0,0,0,0,0
Poverty reduction,1,0,0,0,0,1,0,0,0,0,0
Power usage effectiveness,1,0,0,0,0,1,0,0,0,0,0
Private information retrieval,1,0,0,0,0,1,0,0,0,0,0
Public infrastructure,1,0,0,0,0,1,0,0,0,0,0
Reliability engineering,1,0,0,0,0,1,0,0,0,0,0
Research initiative,1,0,0,0,0,1,0,0,0,0,0
Research questions,1,0,0,0,0,1,0,0,0,0,0
Rhetorical device,1,0,0,0,0,1,0,0,0,0,0
Scenario analysis,1,0,0,0,0,1,0,0,0,0,0
Self-determination,1,0,0,0,0,1,0,0,0,0,0
Service level,1,0,0,0,0,1,0,0,0,0,0
Signalling theory,1,0,0,0,0,1,0,0,0,0,0
Slowdown,1,0,0,0,0,1,0,0,0,0,0
Small firm,1,0,0,0,0,1,0,0,0,0,0
Social capital,1,0,0,0,0,1,0,0,0,0,0
Social connectedness,1,0,0,0,0,1,0,0,0,0,0
Stack overflow,1,0,0,0,0,1,0,0,0,0,0
State management,1,0,0,0,0,1,0,0,0,0,0
Supply chain risk management,1,0,0,0,0,1,0,0,0,0,0
Symbolic capital,1,0,0,0,0,1,0,0,0,0,0
Systems design,1,0,0,0,0,1,0,0,0,0,0
Technical documentation,1,0,0,0,0,1,0,0,0,0,0
Technological change,1,0,0,0,0,1,0,0,0,0,0
Technology policy,1,0,0,0,0,1,0,0,0,0,0
Transaction cost,1,0,0,0,0,1,0,0,0,0,0
Transformation (function),1,0,0,0,0,1,0,0,0,0,0
Transformational leadership,1,0,0,0,0,1,0,0,0,0,0
Tying,1,0,0,0,0,1,0,0,0,0,0
Variable cost,1,0,0,0,0,1,0,0,0,0,0
Video game,1,0,0,0,0,1,0,0,0,0,0
Welfare economics,1,0,0,0,0,1,0,0,0,0,0
Presentation,5,0,0,3,2,0,0,0,0,0,0
Health geography,2,0,0,0,2,0,0,0,0,0,0
Data pre-processing,2,0,0,1,1,0,0,0,0,0,0
Globe,2,0,0,1,1,0,0,0,0,0,0
Computational sociology,2,0,0,1,1,0,0,0,0,0,0
Interest group,2,0,0,1,1,0,0,0,0,0,0
Knowledge representation and reasoning,2,0,0,1,1,0,0,0,0,0,0
Named-entity recognition,2,0,0,1,1,0,0,0,0,0,0
Scaling,2,0,0,1,1,0,0,0,0,0,0
Virtue,2,2,0,0,1,0,0,0,0,0,0
Component (UML),1,1,0,0,1,0,0,0,0,0,0
Short course,1,1,0,0,1,0,0,0,0,0,0
Virtue ethics,1,1,0,0,1,0,0,0,0,0,0
Estimation,1,0,0,0,1,0,0,0,0,0,0
Grey literature,1,0,0,0,1,0,0,0,0,0,0
Magnetic resonance imaging,1,0,0,0,1,0,0,0,0,0,0
Missing data,1,0,0,0,1,0,0,0,0,0,0
Influenza vaccine,1,0,0,0,1,0,0,0,0,0,0
Older people,1,0,0,0,1,0,0,0,0,0,0
Prospective cohort study,1,0,0,0,1,0,0,0,0,0,0
Recall,1,0,0,0,1,0,0,0,0,0,0
Adaptive learning,1,0,0,0,1,0,0,0,0,0,0
Asset (computer security),1,0,0,0,1,0,0,0,0,0,0
Call to action,1,0,0,0,1,0,0,0,0,0,0
Crisis management,1,0,0,0,1,0,0,0,0,0,0
Environmental governance,1,0,0,0,1,0,0,0,0,0,0
Genetic testing,1,0,0,0,1,0,0,0,0,0,0
Heart failure,1,0,0,0,1,0,0,0,0,0,0
Interpretability,1,0,0,0,1,0,0,0,0,0,0
Java,1,0,0,0,1,0,0,0,0,0,0
Legitimation,1,0,0,0,1,0,0,0,0,0,0
Management process,1,0,0,0,1,0,0,0,0,0,0
Proteomics,1,0,0,0,1,0,0,0,0,0,0
Public good,1,0,0,0,1,0,0,0,0,0,0
Renewable energy,1,0,0,0,1,0,0,0,0,0,0
Urban governance,1,0,0,0,1,0,0,0,0,0,0
Active learning,1,0,0,0,1,0,0,0,0,0,0
Ancillary data,1,0,0,0,1,0,0,0,0,0,0
Annotation Type,1,0,0,0,1,0,0,0,0,0,0
Antiretroviral therapy,1,0,0,0,1,0,0,0,0,0,0
Aotearoa,1,0,0,0,1,0,0,0,0,0,0
Application programming interface,1,0,0,0,1,0,0,0,0,0,0
Archival research,1,0,0,0,1,0,0,0,0,0,0
Barriers to entry,1,0,0,0,1,0,0,0,0,0,0
Benchmarking,1,0,0,0,1,0,0,0,0,0,0
Bioconductor,1,0,0,0,1,0,0,0,0,0,0
Capability Maturity Model,1,0,0,0,1,0,0,0,0,0,0
Cardiac magnetic resonance imaging,1,0,0,0,1,0,0,0,0,0,0
Climate change scenario,1,0,0,0,1,0,0,0,0,0,0
Conversation,1,0,0,0,1,0,0,0,0,0,0
Cost estimate,1,0,0,0,1,0,0,0,0,0,0
Cyberinfrastructure,1,0,0,0,1,0,0,0,0,0,0
Dark data,1,0,0,0,1,0,0,0,0,0,0
Data discovery,1,0,0,0,1,0,0,0,0,0,0
Data format,1,0,0,0,1,0,0,0,0,0,0
Data lifecycle,1,0,0,0,1,0,0,0,0,0,0
Data Linkage,1,0,0,0,1,0,0,0,0,0,0
Data Standard,1,0,0,0,1,0,0,0,0,0,0
dbSNP,1,0,0,0,1,0,0,0,0,0,0
Deep time,1,0,0,0,1,0,0,0,0,0,0
Demographic data,1,0,0,0,1,0,0,0,0,0,0
Dependency (project management),1,0,0,0,1,0,0,0,0,0,0
Digital citizenship,1,0,0,0,1,0,0,0,0,0,0
Digital Earth,1,0,0,0,1,0,0,0,0,0,0
Digital era governance,1,0,0,0,1,0,0,0,0,0,0
Digital object,1,0,0,0,1,0,0,0,0,0,0
Dilated cardiomyopathy,1,0,0,0,1,0,0,0,0,0,0
Downscaling,1,0,0,0,1,0,0,0,0,0,0
Environmental law,1,0,0,0,1,0,0,0,0,0,0
European Nucleotide Archive,1,0,0,0,1,0,0,0,0,0,0
European research,1,0,0,0,1,0,0,0,0,0,0
External Data Representation,1,0,0,0,1,0,0,0,0,0,0
Findability,1,0,0,0,1,0,0,0,0,0,0
Functional genomics,1,0,0,0,1,0,0,0,0,0,0
Gene expression,1,0,0,0,1,0,0,0,0,0,0
Geographic information system,1,0,0,0,1,0,0,0,0,0,0
Hindsight bias,1,0,0,0,1,0,0,0,0,0,0
Hiv patients,1,0,0,0,1,0,0,0,0,0,0
Human geography,1,0,0,0,1,0,0,0,0,0,0
Human–robot interaction,1,0,0,0,1,0,0,0,0,0,0
Infrastructural power,1,0,0,0,1,0,0,0,0,0,0
JavaScript,1,0,0,0,1,0,0,0,0,0,0
Linked data,1,0,0,0,1,0,0,0,0,0,0
Management information systems,1,0,0,0,1,0,0,0,0,0,0
Management science,1,0,0,0,1,0,0,0,0,0,0
Metadata modeling,1,0,0,0,1,0,0,0,0,0,0
Microbiome,1,0,0,0,1,0,0,0,0,0,0
Mortality data,1,0,0,0,1,0,0,0,0,0,0
Multimodal data,1,0,0,0,1,0,0,0,0,0,0
Muon,1,0,0,0,1,0,0,0,0,0,0
Natural science,1,0,0,0,1,0,0,0,0,0,0
New horizons,1,0,0,0,1,0,0,0,0,0,0
Open-pit mining,1,0,0,0,1,0,0,0,0,0,0
Political sociology,1,0,0,0,1,0,0,0,0,0,0
Precision and recall,1,0,0,0,1,0,0,0,0,0,0
Project management process,1,0,0,0,1,0,0,0,0,0,0
Public awareness of science,1,0,0,0,1,0,0,0,0,0,0
Reciprocity (network science),1,0,0,0,1,0,0,0,0,0,0
Reference genome,1,0,0,0,1,0,0,0,0,0,0
Reflection (computer programming),1,0,0,0,1,0,0,0,0,0,0
Retrospective data,1,0,0,0,1,0,0,0,0,0,0
Robotics,1,0,0,0,1,0,0,0,0,0,0
Situated,1,0,0,0,1,0,0,0,0,0,0
Systems engineering,1,0,0,0,1,0,0,0,0,0,0
Transduction (psychology),1,0,0,0,1,0,0,0,0,0,0
Underground mining (hard rock),1,0,0,0,1,0,0,0,0,0,0
Variable (computer science),1,0,0,0,1,0,0,0,0,0,0
Working group,1,0,0,0,1,0,0,0,0,0,0
Disinformation,20,0,0,20,0,0,0,0,0,0,0
Fake news,14,0,0,14,0,0,0,0,0,0,0
Natural language,7,0,0,7,0,0,0,0,0,0,0
Digital media,6,0,0,6,0,0,0,0,0,0,0
Vaccination,6,0,0,6,0,0,0,0,0,0,0
Credibility,6,0,0,6,0,0,0,0,0,0,0
Distrust,5,0,0,5,0,0,0,0,0,0,0
Mass media,5,0,0,5,0,0,0,0,0,0,0
Fact checking,5,0,0,5,0,0,0,0,0,0,0
Natural language processing,5,0,0,5,0,0,0,0,0,0,0
Advertising,4,0,0,4,0,0,0,0,0,0,0
Democracy,4,0,0,4,0,0,0,0,0,0,0
Infodemiology,4,0,0,4,0,0,0,0,0,0,0
Content (Freudian dream analysis),4,0,0,4,0,0,0,0,0,0,0
World health,3,0,0,3,0,0,0,0,0,0,0
Censorship,3,0,0,3,0,0,0,0,0,0,0
F1 score,3,0,0,3,0,0,0,0,0,0,0
Deception,3,0,0,3,0,0,0,0,0,0,0
Public debate,3,1,0,2,0,0,0,0,0,0,0
Denial,2,0,0,2,0,0,0,0,0,0,0
Herd immunity,2,0,0,2,0,0,0,0,0,0,0
Cognitive psychology,2,0,0,2,0,0,0,0,0,0,0
Educational attainment,2,0,0,2,0,0,0,0,0,0,0
Information source,2,0,0,2,0,0,0,0,0,0,0
Internet access,2,0,0,2,0,0,0,0,0,0,0
Polarization (politics),2,0,0,2,0,0,0,0,0,0,0
Taxon,2,0,0,2,0,0,0,0,0,0,0
Civil liberties,2,0,0,2,0,0,0,0,0,0,0
Confirmation bias,2,0,0,2,0,0,0,0,0,0,0
Digital content,2,0,0,2,0,0,0,0,0,0,0
Health professionals,2,0,0,2,0,0,0,0,0,0,0
Infoveillance,2,0,0,2,0,0,0,0,0,0,0
Market fragmentation,2,0,0,2,0,0,0,0,0,0,0
Political communication,2,0,0,2,0,0,0,0,0,0,0
Positive economics,2,0,0,2,0,0,0,0,0,0,0
Agent-based model,2,0,0,2,0,0,0,0,0,0,0
Causal analysis,2,0,0,2,0,0,0,0,0,0,0
Class (biology),2,0,0,2,0,0,0,0,0,0,0
Headline,2,0,0,2,0,0,0,0,0,0,0
Massive open online course,2,0,0,2,0,0,0,0,0,0,0
Population control,2,0,0,2,0,0,0,0,0,0,0
Taxonomy (general),2,0,0,2,0,0,0,0,0,0,0
Patient education,2,0,0,2,0,0,0,0,0,0,0
Human rights,2,1,0,1,0,0,0,0,0,0,0
Inoculation,1,0,0,1,0,0,0,0,0,0,0
Consumption (economics),1,0,0,1,0,0,0,0,0,0,0
Chemistry,1,0,0,1,0,0,0,0,0,0,0
Clinical psychology,1,0,0,1,0,0,0,0,0,0,0
Compliance (psychology),1,0,0,1,0,0,0,0,0,0,0
Influencer marketing,1,0,0,1,0,0,0,0,0,0,0
Panic,1,0,0,1,0,0,0,0,0,0,0
Social group,1,0,0,1,0,0,0,0,0,0,0
Outreach,1,0,0,1,0,0,0,0,0,0,0
Public discourse,1,0,0,1,0,0,0,0,0,0,0
Resistance (psychoanalysis),1,0,0,1,0,0,0,0,0,0,0
Age groups,1,0,0,1,0,0,0,0,0,0,0
Bayesian probability,1,0,0,1,0,0,0,0,0,0,0
Computer-assisted web interviewing,1,0,0,1,0,0,0,0,0,0,0
Inclusion (disability rights),1,0,0,1,0,0,0,0,0,0,0
Judgement,1,0,0,1,0,0,0,0,0,0,0
Middle East,1,0,0,1,0,0,0,0,0,0,0
Natural (music),1,0,0,1,0,0,0,0,0,0,0
Per capita,1,0,0,1,0,0,0,0,0,0,0
Psychological research,1,0,0,1,0,0,0,0,0,0,0
Source credibility,1,0,0,1,0,0,0,0,0,0,0
Speculation,1,0,0,1,0,0,0,0,0,0,0
Statistical classification,1,0,0,1,0,0,0,0,0,0,0
Vocabulary,1,0,0,1,0,0,0,0,0,0,0
Association (psychology),1,0,0,1,0,0,0,0,0,0,0
Authoritarianism,1,0,0,1,0,0,0,0,0,0,0
Betweenness centrality,1,0,0,1,0,0,0,0,0,0,0
Centrality,1,0,0,1,0,0,0,0,0,0,0
Co-creation,1,0,0,1,0,0,0,0,0,0,0
Common ground,1,0,0,1,0,0,0,0,0,0,0
Complex network,1,0,0,1,0,0,0,0,0,0,0
Conjunction (grammar),1,0,0,1,0,0,0,0,0,0,0
Critical thinking,1,0,0,1,0,0,0,0,0,0,0
Data resources,1,0,0,1,0,0,0,0,0,0,0
Discernment,1,0,0,1,0,0,0,0,0,0,0
Dual (category theory),1,0,0,1,0,0,0,0,0,0,0
Economic impact analysis,1,0,0,1,0,0,0,0,0,0,0
Emotional contagion,1,0,0,1,0,0,0,0,0,0,0
Entertainment,1,0,0,1,0,0,0,0,0,0,0
Fact extraction,1,0,0,1,0,0,0,0,0,0,0
Immunization,1,0,0,1,0,0,0,0,0,0,0
Information environment,1,0,0,1,0,0,0,0,0,0,0
Information seeking,1,0,0,1,0,0,0,0,0,0,0
Interpersonal relationship,1,0,0,1,0,0,0,0,0,0,0
North africa,1,0,0,1,0,0,0,0,0,0,0
Nudge theory,1,0,0,1,0,0,0,0,0,0,0
Petroleum industry,1,0,0,1,0,0,0,0,0,0,0
Policy making,1,0,0,1,0,0,0,0,0,0,0
Pseudoscience,1,0,0,1,0,0,0,0,0,0,0
Referendum,1,0,0,1,0,0,0,0,0,0,0
Rumor,1,0,0,1,0,0,0,0,0,0,0
Simple (philosophy),1,0,0,1,0,0,0,0,0,0,0
Statement (logic),1,0,0,1,0,0,0,0,0,0,0
Strengths and weaknesses,1,0,0,1,0,0,0,0,0,0,0
Time series,1,0,0,1,0,0,0,0,0,0,0
Tokenization (data security),1,0,0,1,0,0,0,0,0,0,0
Adage,1,0,0,1,0,0,0,0,0,0,0
Affordance,1,0,0,1,0,0,0,0,0,0,0
Antisemitism,1,0,0,1,0,0,0,0,0,0,0
Association (object-oriented programming),1,0,0,1,0,0,0,0,0,0,0
Atlanta,1,0,0,1,0,0,0,0,0,0,0
Bad faith,1,0,0,1,0,0,0,0,0,0,0
Behavior change,1,0,0,1,0,0,0,0,0,0,0
Beijing,1,0,0,1,0,0,0,0,0,0,0
Business economics,1,0,0,1,0,0,0,0,0,0,0
Causation,1,0,0,1,0,0,0,0,0,0,0
Central bias,1,0,0,1,0,0,0,0,0,0,0
Classifier chains,1,0,0,1,0,0,0,0,0,0,0
Coercion,1,0,0,1,0,0,0,0,0,0,0
Cognitive reframing,1,0,0,1,0,0,0,0,0,0,0
Cohesion (linguistics),1,0,0,1,0,0,0,0,0,0,0
Collective memory,1,0,0,1,0,0,0,0,0,0,0
Community health center,1,0,0,1,0,0,0,0,0,0,0
Computational linguistics,1,0,0,1,0,0,0,0,0,0,0
Consensus theory,1,0,0,1,0,0,0,0,0,0,0
Contradiction,1,0,0,1,0,0,0,0,0,0,0
Contrarian,1,0,0,1,0,0,0,0,0,0,0
Convolutional neural network,1,0,0,1,0,0,0,0,0,0,0
Counterfeit Drugs,1,0,0,1,0,0,0,0,0,0,0
Credit history,1,0,0,1,0,0,0,0,0,0,0
Decision tree learning,1,0,0,1,0,0,0,0,0,0,0
Deep dive,1,0,0,1,0,0,0,0,0,0,0
Democratization,1,0,0,1,0,0,0,0,0,0,0
Development studies,1,0,0,1,0,0,0,0,0,0,0
Dialog system,1,0,0,1,0,0,0,0,0,0,0
Discourse analysis,1,0,0,1,0,0,0,0,0,0,0
Downstream (petroleum industry),1,0,0,1,0,0,0,0,0,0,0
Dynamics (music),1,0,0,1,0,0,0,0,0,0,0
Echo (computing),1,0,0,1,0,0,0,0,0,0,0
Electronic media,1,0,0,1,0,0,0,0,0,0,0
Emoji,1,0,0,1,0,0,0,0,0,0,0
Equity (economics),1,0,0,1,0,0,0,0,0,0,0
Ethical concerns,1,0,0,1,0,0,0,0,0,0,0
False hope,1,0,0,1,0,0,0,0,0,0,0
Family support,1,0,0,1,0,0,0,0,0,0,0
Fantasy,1,0,0,1,0,0,0,0,0,0,0
Filter (software),1,0,0,1,0,0,0,0,0,0,0
First line,1,0,0,1,0,0,0,0,0,0,0
Gatekeeping,1,0,0,1,0,0,0,0,0,0,0
Generalized anxiety disorder,1,0,0,1,0,0,0,0,0,0,0
Global challenges,1,0,0,1,0,0,0,0,0,0,0
Global South,1,0,0,1,0,0,0,0,0,0,0
Graph (abstract data type),1,0,0,1,0,0,0,0,0,0,0
Graph based,1,0,0,1,0,0,0,0,0,0,0
Gratitude,1,0,0,1,0,0,0,0,0,0,0
Health management system,1,0,0,1,0,0,0,0,0,0,0
Healthcare financing,1,0,0,1,0,0,0,0,0,0,0
Historical record,1,0,0,1,0,0,0,0,0,0,0
Hoax,1,0,0,1,0,0,0,0,0,0,0
Homophily,1,0,0,1,0,0,0,0,0,0,0
Incivility,1,0,0,1,0,0,0,0,0,0,0
Information cascade,1,0,0,1,0,0,0,0,0,0,0
Information integrity,1,0,0,1,0,0,0,0,0,0,0
Information networks,1,0,0,1,0,0,0,0,0,0,0
Information seeking behavior,1,0,0,1,0,0,0,0,0,0,0
Intelligence quotient,1,0,0,1,0,0,0,0,0,0,0
Interpersonal ties,1,0,0,1,0,0,0,0,0,0,0
Interrupted time series,1,0,0,1,0,0,0,0,0,0,0
Judaism,1,0,0,1,0,0,0,0,0,0,0
Knowledge translation,1,0,0,1,0,0,0,0,0,0,0
Knowledge-based systems,1,0,0,1,0,0,0,0,0,0,0
Lexical analysis,1,0,0,1,0,0,0,0,0,0,0
Liberal democracy,1,0,0,1,0,0,0,0,0,0,0
Malnutrition,1,0,0,1,0,0,0,0,0,0,0
Media monitoring,1,0,0,1,0,0,0,0,0,0,0
Medical advice,1,0,0,1,0,0,0,0,0,0,0
Medical search,1,0,0,1,0,0,0,0,0,0,0
Multi stage,1,0,0,1,0,0,0,0,0,0,0
Narrative inquiry,1,0,0,1,0,0,0,0,0,0,0
Natural language understanding,1,0,0,1,0,0,0,0,0,0,0
Negative information,1,0,0,1,0,0,0,0,0,0,0
Negative relationship,1,0,0,1,0,0,0,0,0,0,0
Network structure,1,0,0,1,0,0,0,0,0,0,0
News sharing,1,0,0,1,0,0,0,0,0,0,0
Northern ireland,1,0,0,1,0,0,0,0,0,0,0
Online and offline,1,0,0,1,0,0,0,0,0,0,0
Online discussion,1,0,0,1,0,0,0,0,0,0,0
Online support groups,1,0,0,1,0,0,0,0,0,0,0
Opinion leadership,1,0,0,1,0,0,0,0,0,0,0
Palestine,1,0,0,1,0,0,0,0,0,0,0
Parade,1,0,0,1,0,0,0,0,0,0,0
Peer to peer computing,1,0,0,1,0,0,0,0,0,0,0
Phishing,1,0,0,1,0,0,0,0,0,0,0
Point process,1,0,0,1,0,0,0,0,0,0,0
Policy development,1,0,0,1,0,0,0,0,0,0,0
Presidential system,1,0,0,1,0,0,0,0,0,0,0
Psychological Theory,1,0,0,1,0,0,0,0,0,0,0
Public support,1,0,0,1,0,0,0,0,0,0,0
Publication strategy,1,0,0,1,0,0,0,0,0,0,0
Quarantine,1,0,0,1,0,0,0,0,0,0,0
Range (computer programming),1,0,0,1,0,0,0,0,0,0,0
Relevant information,1,0,0,1,0,0,0,0,0,0,0
Representation (arts),1,0,0,1,0,0,0,0,0,0,0
Resolution (logic),1,0,0,1,0,0,0,0,0,0,0
Scale (chemistry),1,0,0,1,0,0,0,0,0,0,0
Scientific communication,1,0,0,1,0,0,0,0,0,0,0
Semantic analysis (machine learning),1,0,0,1,0,0,0,0,0,0,0
Sensationalism,1,0,0,1,0,0,0,0,0,0,0
Sentiment analysis,1,0,0,1,0,0,0,0,0,0,0
Shifting attention,1,0,0,1,0,0,0,0,0,0,0
Sketch,1,0,0,1,0,0,0,0,0,0,0
Small data,1,0,0,1,0,0,0,0,0,0,0
Social constructivism,1,0,0,1,0,0,0,0,0,0,0
Social impact,1,0,0,1,0,0,0,0,0,0,0
Social learning theory,1,0,0,1,0,0,0,0,0,0,0
Social news,1,0,0,1,0,0,0,0,0,0,0
Social relationship,1,0,0,1,0,0,0,0,0,0,0
Social science research,1,0,0,1,0,0,0,0,0,0,0
Special Interest Group,1,0,0,1,0,0,0,0,0,0,0
Stateless protocol,1,0,0,1,0,0,0,0,0,0,0
Strategic interaction,1,0,0,1,0,0,0,0,0,0,0
Survey experiment,1,0,0,1,0,0,0,0,0,0,0
Symptomatic relief,1,0,0,1,0,0,0,0,0,0,0
Threat level,1,0,0,1,0,0,0,0,0,0,0
Tipping point (climatology),1,0,0,1,0,0,0,0,0,0,0
Unique identifier,1,0,0,1,0,0,0,0,0,0,0
Urban planning,1,0,0,1,0,0,0,0,0,0,0
Vaccination schedule,1,0,0,1,0,0,0,0,0,0,0
Vaccine refusal,1,0,0,1,0,0,0,0,0,0,0
Vaccine trial,1,0,0,1,0,0,0,0,0,0,0
Variety (linguistics),1,0,0,1,0,0,0,0,0,0,0
Vietnamese,1,0,0,1,0,0,0,0,0,0,0
Virus diseases,1,0,0,1,0,0,0,0,0,0,0
Visual communication,1,0,0,1,0,0,0,0,0,0,0
Voice over IP,1,0,0,1,0,0,0,0,0,0,0
Weaving,1,0,0,1,0,0,0,0,0,0,0
Web search engine,1,0,0,1,0,0,0,0,0,0,0
Webometrics,1,0,0,1,0,0,0,0,0,0,0
Wicked problem,1,0,0,1,0,0,0,0,0,0,0
Willingness to pay,1,0,0,1,0,0,0,0,0,0,0
Wisdom of crowds,1,0,0,1,0,0,0,0,0,0,0
Conflict of interest,1,0,0,1,0,0,0,0,0,0,0
Feeling,1,0,0,1,0,0,0,0,0,0,0
Avatar,1,0,0,1,0,0,0,0,0,0,0
Data ethics,4,4,0,0,0,0,0,0,0,0,0
Ethical issues,2,2,0,0,0,0,0,0,0,0,0
Delphi,1,1,0,0,0,0,0,0,0,0,0
Computer vision,1,1,0,0,0,0,0,0,0,0,0
Delphi method,1,1,0,0,0,0,0,0,0,0,0
Ethical code,1,1,0,0,0,0,0,0,0,0,0
Internet research,1,1,0,0,0,0,0,0,0,0,0
Object (philosophy),1,1,0,0,0,0,0,0,0,0,0
Science education,1,1,0,0,0,0,0,0,0,0,0
Agile software development,1,1,0,0,0,0,0,0,0,0,0
Architectural technology,1,1,0,0,0,0,0,0,0,0,0
Augment reality,1,1,0,0,0,0,0,0,0,0,0
Ballet,1,1,0,0,0,0,0,0,0,0,0
Business ethics,1,1,0,0,0,0,0,0,0,0,0
Child abuse,1,1,0,0,0,0,0,0,0,0,0
Classical ballet,1,1,0,0,0,0,0,0,0,0,0
Computational pathology,1,1,0,0,0,0,0,0,0,0,0
Country of origin,1,1,0,0,0,0,0,0,0,0,0
Criticality,1,1,0,0,0,0,0,0,0,0,0
Digital epidemiology,1,1,0,0,0,0,0,0,0,0,0
Disease registry,1,1,0,0,0,0,0,0,0,0,0
Ethics education,1,1,0,0,0,0,0,0,0,0,0
Human enhancement,1,1,0,0,0,0,0,0,0,0,0
Humanities,1,1,0,0,0,0,0,0,0,0,0
Intelligence amplification,1,1,0,0,0,0,0,0,0,0,0
Morality,1,1,0,0,0,0,0,0,0,0,0
Oligopoly,1,1,0,0,0,0,0,0,0,0,0
Panel discussion,1,1,0,0,0,0,0,0,0,0,0
Performing arts,1,1,0,0,0,0,0,0,0,0,0
Pharmacoepidemiology,1,1,0,0,0,0,0,0,0,0,0
Pharmacovigilance,1,1,0,0,0,0,0,0,0,0,0
Replication (computing),1,1,0,0,0,0,0,0,0,0,0
Situational ethics,1,1,0,0,0,0,0,0,0,0,0
Subject (philosophy),1,1,0,0,0,0,0,0,0,0,0
Syllabus,1,1,0,0,0,0,0,0,0,0,0