title,keyword,count
Pandemic citizenship amidst stateless algorithmic nations: digital rights and technological sovereignty at stake,Misinformation,298
Should free-text data in electronic medical records be shared for research? A citizens' jury study in the UK.,Data sharing,272
Constructing commercial data ethics,Data ethics,247
Creating and governing social value from data,Value of data,230
The Nexus Between the Big Five Personality Traits Model of the Digital Economy and Blockchain Technology Influencing Organization Psychology,Digital economy,214
The importance of consulting children and young people about data literacy,Data literacy,202
Demographics and topics impact on the co-spread of COVID-19 misinformation and fact-checks on Twitter.,Misinformation,181
We need to think about data governance for dementia research in a digital era.,Data sharing,118
Using critical information to strengthen pandemic preparedness: the role of national public health agencies.,Data sharing,89
"Towards a Sharing Economy: Factors, Trends, Risks, and Prospects",Digital economy,79
Review of social science research on the impact of countermeasures against influence operations,Misinformation,73
Patient Perceptions on Data Sharing and Applying Artificial Intelligence to Health Care Data: Cross-sectional Survey,Data sharing,67
"Strategizing in a digital world: Overcoming cognitive barriers, reconfiguring routines and introducing new organizational forms",Digital economy,65
Learning from each other in the COVID-19 pandemic,Misinformation,55
Decentralised Compliant Data Trading for Banks,Data sharing,55
RecSys - Workshop on Online Misinformation- and Harm-Aware Recommender Systems,Misinformation,53
Anonymity in EU Health Law: Not an Alternative to Information Governance.,Data sharing,51
Ruling through technology : politicizing blockchain services,Digital economy,49
Generating Spatial Demographic Data for Health in Africa,Data infrastructure,47
Linking pre- and post-adoption records for research in anonymised form in a data safe haven: legal implications and support for a social licence.,Data sharing,46
"Determining the level of data sharing, and number of publications, from research databases that have been given a favourable opinion by UK research ethics committees.",Data sharing,46
The COVID-19 Data Portal: accelerating SARS-CoV-2 and COVID-19 research through rapid open access data sharing.,Data sharing,41
Adaptive learning of aggregate analytics under dynamic workloads,Data infrastructure,39
M4.2 Draft Maturity Model Based on Extensions and-or Additions to CoreTrustSeal Requirements,Data infrastructure,36
Sharing ICU Patient Data Responsibly Under the Society of Critical Care Medicine/European Society of Intensive Care Medicine Joint Data Science Collaboration: The Amsterdam University Medical Centers Database (AmsterdamUMCdb) Example.,Data sharing,35
The Potential of Research Drawing on Clinical Free Text to Bring Benefits to Patients in the United Kingdom: A Systematic Review of the Literature.,Data sharing,34
ETRA Adjunct - EyeCrowdata: Towards a Web-based Crowdsourcing Platform for Web-related Eye-Tracking Data,Data sharing,34
A Dataset of COVID-Related Misinformation Videos and their Spread on Social Media,Misinformation,34
Building accountability into the Internet of Things,Digital economy,32
The Open Brain Consent: Informing research participants and obtaining consent to share brain imaging data,Data sharing,31
The connected patient project: moving towards a population-based primary health care research registry.,Data sharing,30
"For Richer, for Poorer - The Digital Economy: An Interview With Geoffrey Goodell [Interview]",Digital economy,29
Adapting breastfeeding support in areas of socio-economic deprivation: a case study approach.,Data sharing,27
World-Wide FINGERS Network: A global approach to risk reduction and prevention of dementia,Data sharing,26
Leading by Science' through Covid-19: The NHS data store & automated decision-making,Automated decision making,26
Ethics-based auditing of automated decision-making systems: intervention points and policy implications,Automated decision making,26
Rust expression browser: an open source database for simultaneous analysis of host and pathogen gene expression profiles with expVIP,Data sharing,25
A deep dive into COVID-19-related messages on WhatsApp in Pakistan,Misinformation,25
“Ethics When You Least Expect It”: A Modular Approach to Short Course Data Ethics Instruction,Data ethics,25
Guidelines for the content and format of PET brain data in publications and archives: A consensus paper:,Data sharing,24
Climate Change Projection in the Twenty-First Century Simulated by NIMS-KMA CMIP6 Model Based on New GHGs Concentration Pathways,Data sharing,24
SMDS - Blockchain Based RAN Data Sharing,Data sharing,22
Critical is not political: The need to (re)politicize data literacy,Data literacy,22
Opportunities for Understanding MS Mechanisms and Progression With MRI Using Large-Scale Data Sharing and Artificial Intelligence.,Data sharing,21
Misinformation Policy in Sub-Saharan Africa : From Laws and Regulations to Media Literacy,Misinformation,21
Towards the Systemic Review of Automated Decision-Making Systems,Automated decision making,19
Toward a Risk-Utility Data Governance Framework for Research Using Genomic and Phenotypic Data in Safe Havens: Multifaceted Review.,Data sharing,18
Application of Big Data Technology for COVID-19 Prevention and Control in China: Lessons and Recommendations.,Data sharing,18
Progress Towards Using Linked Population-Based Data For Geohealth Research: Comparisons Of Aotearoa New Zealand And The United Kingdom.,Data infrastructure,17
Peculiarities of Organizational and Economic Management of Digital Economy in Modern Conditions,Digital economy,17
Digital Currency and Economic Crises: Helping States Respond,Digital economy,17
Considerations for an integrated population health databank in Africa: lessons from global best practices,Data sharing,17
A homomorphic-encryption-based vertical federated learning scheme for rick management,Data sharing,17
Principal Directions of Digital Transformation of Higher Education System in Sustainable Education,Digital economy,16
Designing for affective warnings & cautions to protect against online misinformation threats,Misinformation,16
Cybersecurity and Data Privacy in the Digital Age: Two Case Examples,Data sharing,16
Collaborations for Digital Transformation: Case Studies of Industry 4.0 in Brazil,Value of data,16
Better utilisation and transparency of bird data collected by powerline companies.,Data sharing,16
An open data infrastructure for the study of anthropogenic hazards linked to georesource exploitation,Data infrastructure,16
WebSci (Companion) - Explanations for AI: Computable or Not?,Data ethics,15
Ocean Governance: on the recognition of Institutions named in International Environmental Law,Data infrastructure,15
Knowledge mitigates misinformation,Misinformation,15
"Data for sale: trust, confidence and sharing health data with commercial companies.",Data sharing,15
DATA CITIZENSHIP: DATA LITERACIES TO CHALLENGE POWER IMBALANCE,Data literacy,15
What's Stopping Knowledge Synthesis? A Systematic Review of Recent Practices in Research on Smallholder Diversity,Data sharing,14
What flowers can bloom in a green open access landscape? Imagining a future with BitViews.,Data sharing,14
The European Genome-phenome Archive in 2021.,Value of data,14
"Scaling Up Malaria Elimination Management and Leadership: A Pilot in Three Provinces in Zimbabwe, 2016-2018",Data sharing,14
KYChain: User-Controlled KYC Data Sharing and Certification.,Data sharing,14
Hidden labour: the skilful work of clinical audit data collection and its implications for secondary use of data via integrated health IT.,Data sharing,14
Democratic Policy-making for Misinformation Detection Platforms by Git-based Principles,Misinformation,14
"Connections, Tracts, Fractals, and the Rest: A Working Guide to Network and Connectivity Studies in Neurosurgery",Data sharing,14
Antitrust and Restrictions on Privacy in the Digital Economy,Digital economy,14
A First Look at COVID-19 Messages on WhatsApp in Pakistan,Misinformation,14
Transcriptomics data availability and reusability in the transition from microarray to next-generation sequencing,Data sharing,13
Spatially shaped imaginaries of the digital economy,Digital economy,13
ISI - Political Fake Statement Detection via Multistage Feature-assisted Neural Modeling,Misinformation,13
INCoS - Social Media Data Misuse,Misinformation,13
Even in Sweden?: Misinformation and elections in the new media landscape,Misinformation,13
An agenda-setting paper on data sharing platforms: euCanSHare workshop,Data sharing,13
A Systematic Literature Review of the Role of Ethics in Big Data,Data ethics,13
WebSci (Companion) - AI4Good - The Ethical and Societal Implications of using AI in Scientific Discovery: Chairs’ Welcome and Workshop Summary,Data ethics,12
CRT-BIoV: A Cognitive Radio Technique for Blockchain-Enabled Internet of Vehicles,Data sharing,12
Cascades Across Networks Are Sufficient for the Formation of Echo Chambers: An Agent-Based Model,Misinformation,12
"Artificial Intelligence (AI) at Schengen Borders: Automated Processing, Algorithmic Profiling and Facial Recognition in the Era of Techno-Solutionism",Automated decision making,12
Reporting and design of randomized controlled trials for COVID-19: A systematic review.,Data sharing,11
Privacy-Focused Blockchain Solution for Production Royalty Management,Data sharing,11
Identifying how COVID-19-related misinformation reacts to the announcement of the UK national lockdown: An interrupted time-series study,Misinformation,11
A Blockchain-Based Dynamic Consent Architecture to Support Clinical Genomic Data Sharing (ConsentChain): Proof-of-Concept Study.,Data sharing,11
"""There Is No Link Between Resource Allocation and Use of Local Data"": A Qualitative Study of District-Based Health Decision-Making in West Bengal, India.",Data sharing,11
The Internet and public policy: Future directions,Digital economy,10
Social Media and Large Carnivores: Sharing Biased News on Attacks on Humans,Misinformation,10
Responsible Open Science: Moving towards an Ethics of Environmental Sustainability,Data infrastructure,10
Pediatric Cancer Data Commons: Federating and Democratizing Data for Childhood Cancer Research,Data sharing,10
Healthcare Data Management by Using Blockchain Technology,Data sharing,10
Fostering global data sharing: highlighting the recommendations of the Research Data Alliance COVID-19 working group.,Data sharing,10
Defining service catchment areas in low-resource settings,Data sharing,10
Capturing the views of geoscientists on data sharing: a focus on the geotechnical community,Data sharing,10
The coercive logic of fake news,Misinformation,9
Russian Telecom: Focus on B2B and B2G,Digital economy,9
Privacy Accountability and Penalties for IoT Firms,Data sharing,9
FEVEROUS: Fact Extraction and VERification Over Unstructured and Structured information,Misinformation,9
Equitable data sharing in epidemics and pandemics.,Data sharing,9
COVID-19 vaccine perceptions: An observational study on Reddit,Misinformation,9
Computational social science: Obstacles and opportunities.,Data infrastructure,9
CHI Extended Abstracts - User Experience for Multi-Device Ecosystems: Challenges and Opportunities,Data sharing,9
Applying GDPR Roles and Responsibilities to Scientific Data Sharing,Data sharing,9
Towards Consensus-Based Group Decision Making for Co-Owned Data Sharing in Online Social Networks,Data sharing,8
The inter-institutional impact of digital platform companies on democracy: A case study of the UK media’s digital campaigning coverage:,Misinformation,8
Secure and Lightweight Fine-grained Searchable Data Sharing for IoT-oriented and Cloud-assisted Smart Healthcare System,Data sharing,8
Research Data Infrastructures and Engineering Metadata,Data infrastructure,8
"Provably Secure Authentication Approach for Data Security in Cloud Using Hashing, Encryption, and Chebyshev-Based Authentication",Data sharing,8
OHARS@RecSys - Recommender Systems and Misinformation: The Problem or the Solution?,Misinformation,8
Evolution or revolution? Distributed ledger technologies in financial services,Data sharing,8
Equipping Learners to Evaluate Online Health Care Resources: Longitudinal Study of Learning Design Strategies in a Health Care Massive Open Online Course,Misinformation,8
"EmpoderaData: Sharing a successful work-placement data skills training model within Latin America, to develop capacity to deliver the SDGs",Data literacy,8
Digital mis/disinformation and public engagment with health and science controversies: Fresh perspectives from Covid-19,Misinformation,8
"Decentralized vs. Distributed Organization: Blockchain, Machine Learning, and the Future of the Digital Platform",Digital economy,8
Competition and Monopoly In Digital Economy Ecology,Digital economy,8
CISIS - Multi-stage News-Stance Classification Based on Lexical and Neural Features.,Misinformation,8
The ELIXIR Core Data Resources: fundamental infrastructure for the life sciences.,Data infrastructure,7
Role of the nurse in addressing vaccine hesitancy and misinformation on social media.,Misinformation,7
Researching with Data Rights,Data infrastructure,7
"Research on the move: exploring WhatsApp as a tool for understanding the intersections between migration, mobility, health and gender in South Africa.",Data sharing,7
Mobile apps for real-world evidence in health care,Value of data,7
Misinformation Concerns and Online News Participation among internet Users in India,Misinformation,7
Involving the Public in Data Linkage Research,Data sharing,7
DigiTranScope: the governance of digitally-transformed society,Digital economy,7
Digital Economies at Global Margins (Book review),Digital economy,7
Data/infrastructure in the smart city: Understanding the infrastructural power of Citymapper app through technicity of data:,Data infrastructure,7
COVID-19 and the 5G Conspiracy Theory: Social Network Analysis of Twitter Data.,Misinformation,7
Boundary Spanning in a Digital World: The Case of Blockchain,Digital economy,7
Beware of the pendulum swing: How leaders can sustain rapid technology innovation beyond the COVID-19 crisis,Data sharing,7
ASONAM - A first look at COVID-19 messages on WhatsApp in Pakistan,Misinformation,7
AI applications of data sharing in agriculture 4.0: A framework for role-based data access control,Data sharing,7
A Lightweight Post-Quantum Lattice-Based RSA for Secure Communications,Data sharing,7
The future of value in digitalised higher education: why data privacy should not be our biggest concern.,Digital economy,6
The challenges and opportunities of mental health data sharing in the UK.,Data sharing,6
Remove obstacles to sharing health data with researchers outside of the European Union.,Data sharing,6
RecSys - Privacy Preserving Collaborative Filtering by Distributed Mediation,Data sharing,6
Radical collaboration during a global health emergency: development of the RDA COVID-19 data sharing recommendations and guidelines,Data sharing,6
Paying SPECIAL consideration to the digital sharing of information during the COVID-19 pandemic and beyond.,Misinformation,6
IoTBDS - A Framework for Data Sharing between Healthcare Providers using Blockchain.,Data sharing,6
Individual Patient Data from the Pivotal Randomized Controlled Trials of Non-Vitamin K Antagonist Oral Anticoagulants in Patients with Atrial Fibrillation (COMBINE AF): Design and Rationale: From the COMBINE AF (A Collaboration between Multiple institutions to Better Investigate Non-vitamin K antagonist oral anticoagulant use in Atrial Fibrillation) Investigators.,Data sharing,6
Event Project Management - Digital Transformation in the Event Industry,Digital economy,6
DP-SGD vs PATE: Which Has Less Disparate Impact on GANs?,Data sharing,6
Digital Citizenship in the Age of Datafication,Data infrastructure,6
Data Sharing and the Transformation Agricultural 4.0 Supply Chain Operations,Data sharing,6
Crowdfunding Campaigns and COVID-19 Misinformation.,Misinformation,6
Beyond trust: Amplifying unheard voices on concerns about harm resulting from health data-sharing:,Data sharing,6
An Explainable AI Decision-Support-System to Automate Loan Underwriting,Automated decision making,6
Adtech and children’s data rights,Data rights,6
A qualitative study of design stakeholders’ views of developing and implementing a registry-based learning health system,Data sharing,6
Value of data as a currency and a marketing tool,Value of data,5
Toward a global and reproducible science for brain imaging in neurotrauma: the ENIGMA adult moderate/severe traumatic brain injury working group,Data sharing,5
The Networked Context of COVID-19 Misinformation: Informational Homogeneity on YouTube at the Beginning of the Pandemic.,Misinformation,5
Privacy-Preserving Pandemic Monitoring,Data sharing,5
Privacy Preserving Text Recognition with Gradient-Boosting for Federated Learning.,Data sharing,5
Patient and family support in the era of fake e-medicine: food for thought from an international consensus panel,Misinformation,5
Overcoming barriers to data sharing with medical image generation: a comprehensive evaluation.,Data sharing,5
Online Temptations: COVID-19 and Religious Misinformation in the MENA Region,Misinformation,5
MIE - A Blockchain-Based Healthcare Platform for Secure Personalised Data Sharing.,Data sharing,5
"Image recognition in child sexual exploitation material-capabilities, ethics and rights",Data ethics,5
HCI (3) - Pathway to a Human-Values Based Approach to Tackle Misinformation Online,Misinformation,5
GA4GH: International policies and standards for data sharing across genomic research and healthcare,Data sharing,5
EDCC Workshops - Design of a Trustworthy and Resilient Data Sharing Platform for Healthcare Provision,Data sharing,5
Distributed Data Economics,Data ethics,5
Digital Twin Aided Vulnerability Assessment and Risk-Based Maintenance Planning of Bridge Infrastructures Exposed to Extreme Conditions,Data sharing,5
Dementia with Lewy bodies research consortia: A global perspective from the ISTAART Lewy Body Dementias Professional Interest Area working group.,Data sharing,5
Creating Value from Fleet Life-Cycle Data in Business Ecosystem,Value of data,5
"COVID-19 and the ""Film Your Hospital"" Conspiracy Theory: Social Network Analysis of Twitter Data.",Misinformation,5
Consensus core clinical data elements for meningiomas.,Data sharing,5
Common data elements for predictors of pediatric sepsis: A framework to standardize data collection.,Data sharing,5
"CALANGO: an annotation-based, phylogeny-aware comparative genomics framework for exploring and interpreting complex genotypes and phenotypes",Data sharing,5
"Bioinformational diplomacy: Global health emergencies, data sharing and sequential life",Data sharing,5
ARES - Towards using differentially private synthetic data for machine learning in collaborative data science projects,Data sharing,5
A Social Media Campaign (#datasaveslives) to Promote the Benefits of Using Health Data for Research Purposes: Mixed Methods Analysis.,Data sharing,5
Work in the Digital Economy,Digital economy,4
"Unifying the UK’S Data for Respiratory Science: BREATHE, The Health Data Research UK (HDR UK) Respiratory Health Data Research Hub",Data sharing,4
Trusted Data Sharing in Federated and Dynamic Mission Contexts: Improving Communication Flexibility with Emerging Data Control Architectures and Concepts,Data sharing,4
Tracking changes in reporting of epidemiological data during the COVID-19 pandemic in Southeast Asia: an observational study during the first wave,Data sharing,4
Towards a European Health Research and Innovation Cloud (HRIC),Data sharing,4
The Right to Benefit from Science and Its Implications for Genomic Data Sharing,Data sharing,4
The MRC IEU OpenGWAS data infrastructure,Data infrastructure,4
RecSys - OHARS: Second Workshop on Online Misinformation- and Harm-Aware Recommender Systems,Misinformation,4
Recontextualising remote working and its HRM in the digital economy: An integrated framework for theory and practice,Digital economy,4
Pond Acoustic Sampling Scheme: A draft protocol for rapid acoustic data collection in small waterbodies.,Data sharing,4
New Forms of Data and New Forms of Opportunities to Monitor and Tackle a Pandemic,Misinformation,4
Multi-Keyword Ranked Searchable Encryption with the Wildcard Keyword for Data Sharing in Cloud Computing,Data sharing,4
Learning to Noise: Application-Agnostic Data Sharing with Local Differential Privacy,Data sharing,4
Lack of trust and social media echo chambers predict COVID-19 vaccine hesitancy,Misinformation,4
Improving the Functioning of High-Tech Sectors in the Russian National Economy on the Basis of Cluster Policy and in the Conditions of Digitization: Perspectives from the Defense Industrial Complex,Digital economy,4
Genetic surveillance in the Greater Mekong subregion and South Asia to support malaria control and elimination,Data sharing,4
Federated learning improves site performance in multicenter deep learning without data sharing.,Data sharing,4
Examining the power of the social imaginary through competing narratives of data ownership in health research.,Data sharing,4
Evaluation of Data Sharing After Implementation of the International Committee of Medical Journal Editors Data Sharing Statement Requirement.,Data sharing,4
Digital Economy: Isolation or Collaboration?,Digital economy,4
"Design and rationale of the COVID-19 Critical Care Consortium international, multicentre, observational study.",Data sharing,4
Compressing atmospheric data into its real information content,Data sharing,4
Changing emotional engagement with running through communal self-tracking: the implications of 'teleoaffective shaping' for public health.,Data sharing,4
Centering the Law in the Digital State,Automated decision making,4
"Assessing COVID-19 vaccine hesitancy, confidence and public engagement: a global social listening study",Misinformation,4
“What Others Dare Not Say”: An Antisemitic Conspiracy Fantasy and its YouTube Audience,Misinformation,4
Value Transformation: From Online Community to Business Benefit,Digital economy,3
Usability and Acceptability of a Mobile App for Behavior Change and to Improve Immunization Coverage among Children in Pakistan: A Mixed-Methods Study.,Misinformation,3
UMAP - The Role of Trust in Personal Data Sharing in the Context of e-Assessment and the Moderating Effect of Special Educational Needs,Data sharing,3
Transformation of consumer behavior in the tourism industry in the conditions of digital economy,Digital economy,3
Toward a critique of algorithmic violence,Data infrastructure,3
Shifting attention to accuracy can reduce misinformation online.,Misinformation,3
Sharing SRP data to reduce environmentally associated disease and promote transdisciplinary research.,Data sharing,3
Scotland’s Named Person Scheme: A Case Study of Article 5 of the United Nations Convention on the Rights of the Child in Practice,Data sharing,3
Reinforcement Learning for Edge Device Selection using Social Attribute Perception in Industry 4.0,Data sharing,3
Quantifying Illegal Extraction of Sea Turtles in Costa Rica,Data sharing,3
Preparing for Crises: Lessons from Covid-19,Data infrastructure,3
Population mobility modelling for mobility data simulation,Data sharing,3
PLATFORMIZING KNOWLEDGE: MESS AND MEANING IN WEB 3.0 INFRASTRUCTURES,Data sharing,3
Pan-european landscape of research into neurodevelopmental copy number variants: A survey by the MINDDS consortium.,Data sharing,3
PACIS - Digital Climate Formation Amid the Rise of Artificial Intelligence Technology,Digital economy,3
"O32: TRANSPARENCY IN SURGICAL RANDOMISED CONTROLLED TRIALS: CROSS-SECTIONAL, OBSERVATIONAL STUDY",Data sharing,3
Learning from disease registries during a pandemic: Moving toward an international federation of patient registries,Data sharing,3
LAK - Inspiration cards workshops with primary teachers in the early co-design stages of learning analytics,Data literacy,3
It’s All About the Intervention: Reflections on Building Staff Capacity for Using Learning Analytics to Support Student Success,Data literacy,3
Investigating the Prevalence of Reactive Online Searching in the COVID-19 Pandemic: Infoveillance Study.,Misinformation,3
INCoS - Knowledge-Based Networks for Artificial Intuition,Automated decision making,3
Incorporating RDA Outputs in the Design of a European Research Infrastructure for Natural Science Collections,Data infrastructure,3
GoodIT - Coronabot: A Conversational AI System for Tackling Misinformation,Misinformation,3
Data protection by design: building the foundations of trustworthy data sharing,Data sharing,3
Countering misinformation and disinformation during contentious episodes in a divided society: Tweeting the 2014 and 2015 Ardoyne parade disputes,Misinformation,3
Considerations for a More Ethical Approach to Data in AI: On Data Representation and Infrastructure.,Data infrastructure,3
Competition Law and Policy in the Digital Economy: Report From Spain,Digital economy,3
"Can We Improve the Monitoring of People With Multiple Sclerosis Using Simple Tools, Data Sharing, and Patient Engagement?",Data sharing,3
CAiSE Workshops - Integration Framework of MES Toward Data Security Interoperation,Data sharing,3
"Australian Aboriginal and Torres Strait Islander Collection of Genetic Heritage: The Legal, Ethical and Practical Considerations of a Dynamic Consent Approach to Decision Making",Data sharing,3
appXchain: Application-Level Interoperability for Blockchain Networks,Data sharing,3
Achieving international species conservation targets: Closing the gap between top-down and bottom-up approaches,Data sharing,3
A Semi-Automated Workflow for FAIR Maturity Indicators in the Life Sciences.,Data sharing,3
A Classification-based Privacy-Preserving Decision-Making for Secure Data Sharing in Internet of Things Assisted Applications,Data sharing,3
67 Coordinating advanced care plans for patients in North West London,Data sharing,3
"Using Open Source, Open Data, and Civic Technology to Address the COVID-19 Pandemic and Infodemic.",Data sharing,2
"Use of Participatory Apps in Contact Tracing – Options and Implications for Public Health, Privacy and Trust",Data sharing,2
Understanding the characteristics of COVID-19 misinformation communities through graphlet analysis,Misinformation,2
Towards an appropriate ethics framework for Health and Demographic Surveillance Systems (HDSS): learning from issues faced in diverse HDSS in sub-Saharan Africa.,Data sharing,2
Towards a unified data infrastructure to support European and global microbiome research: a call to action,Data infrastructure,2
The value of fleet information: a cost-benefit model,Value of data,2
The Power Curve Working Group's assessment of wind turbine power performance prediction methods,Data sharing,2
The ethics of data sharing and biobanking in health research.,Data sharing,2
"THE DATAFICATION OF CHILDHOOD: EXAMINING CHILDREN’S AND PARENTS’ DATA PRACTICES, CHILDREN’S RIGHT TO PRIVACY AND PARENTS’ DILEMMAS",Data sharing,2
Solutions to COVID-19 data sharing,Data sharing,2
SocInfo - Co-spread of Misinformation and Fact-Checking Content During the Covid-19 Pandemic,Misinformation,2
Securing Smart Connected World: Key Challenges and Possible Solutions,Data sharing,2
Reviewable Automated Decision-Making,Automated decision making,2
Real-World Trajectory Sharing with Local Differential Privacy.,Data sharing,2
Orchestrating privacy-protected big data analyses of data from different resources with R and DataSHIELD,Data sharing,2
"Opening a ""Can of Worms"" to Explore the Public's Hopes and Fears About Health Care Data Sharing: Qualitative Study.",Data sharing,2
"Open science, data sharing and solidarity: who benefits?",Data sharing,2
Not all tweets are created equal: gender and politics in the platform age,Misinformation,2
New Horizons in the use of routine data for ageing research,Data infrastructure,2
Learning to Detect Few-Shot-Few-Clue Misinformation.,Misinformation,2
ISC Workshops - AI-Driven Holistic Approach to Energy Efficient HPC,Digital economy,2
Investments in the Digital Silk Road,Digital economy,2
International Mergers Conference #4 Challenges for mergers in the digital economy & Closing discussion,Digital economy,2
Increasing best practice data sharing at PLOS Pathogens,Data sharing,2
Implementing parasite genotyping into national surveillance frameworks: feedback from control programmes and researchers in the Asia–Pacific region,Data sharing,2
IGARSS - Implementation of a Federated Large-Scale Remote Sensing Data Sharing Platform,Data sharing,2
IEEE ICBC - Trust-based Ecosystem to Combat Fake News,Misinformation,2
IDEAS - Emotion cognizance improves health fake news identification,Misinformation,2
ICISSP (Revised Selected Papers) - Fine-Grained Access Control for Querying Over Encrypted Document-Oriented Database,Data sharing,2
How to Start Up a National Wildlife Health Surveillance Programme.,Data sharing,2
GA4GH Passport standard for digital identity and access permissions.,Data sharing,2
"Federated semi-supervised learning for COVID region segmentation in chest CT using multi-national data from China, Italy, Japan.",Data sharing,2
FAccT - Reviewable Automated Decision-Making: A Framework for Accountable Algorithmic Systems,Automated decision making,2
Exploring the opportunities for alignment of regulatory postauthorization requirements and data required for performance-based managed entry agreements.,Data sharing,2
Experience of clinical services shapes attitudes to data sharing,Data sharing,2
Ethical issues in computational pathology,Data ethics,2
"ESMRMB annual meeting roundtable discussion: ""Challenges and solutions in data sharing-an MRI perspective"".",Data sharing,2
Easing Into Open Science: A Guide for Graduate Students and Their Advisors,Data sharing,2
Dynamics of Feedback Behaviours to Social Peers Sharing COVID-19 Misinformation on WhatsApp in Brazil.,Misinformation,2
"Digital Innovations for Mental Health Support - The Use of Social Media, Online Support Groups, and Apps for Pregnant Women During COVID-19",Misinformation,2
Diagnosis and Risk Prediction of Dilated Cardiomyopathy in the Era of Big Data and Genomics.,Data infrastructure,2
Development of a Data Model and Data Commons for Germ Cell Tumors.,Data sharing,2
"Developing Open Science In Africa: Barriers, Solutions and Opportunities",Data sharing,2
Developing an ethical framework for asymptomatic COVID-19 testing programmes in higher education institutions,Data sharing,2
Detecting fake news on Facebook: The role of emotional intelligence.,Misinformation,2
Data sharing: using blockchain and decentralized data technologies to unlock the potential of artificial intelligence: What can assisted reproduction learn from other areas of medicine?,Data sharing,2
Data sharing: experience of accessing individual patient data from completed randomised controlled trials in vascular and cognitive medicine.,Data sharing,2
Data sharing and outbreaks: best practice exemplified.,Data sharing,2
Data Literacy for Libraries – A Local Perspective on Library Carpentry,Data literacy,2
COVID-19 in people with multiple sclerosis: A global data sharing initiative.,Data sharing,2
Concerns over the spread of misinformation and fake news on social media – challenges amid the coronavirus pandemic,Misinformation,2
Competition policy: The French Competition Authority publishes its contribution to the debate on competition policy and the challenges raised by the digital economy,Digital economy,2
COINS - A Decentralised Authentication and Access Control Mechanism for Medical Wearable Sensors Data,Data sharing,2
Clinical Trial Data Sharing for COVID-19-Related Research.,Data sharing,2
Civil Society Responses to Singapore’s Online “Fake News” Law,Misinformation,2
"CHI Extended Abstracts - r/Coronavirus and the Viral Pandemic: A source of truth, comfort and companionship during COVID19",Misinformation,2
"CHI Extended Abstracts - Opinions, Intentions, Freedom of Expression, ... , and Other Human Aspects of Misinformation Online",Misinformation,2
CHI - Personalised Recommendations in Mental Health Apps: The Impact of Autonomy and Data Sharing,Data sharing,2
CHI - Getting Ourselves Together: Data-centered participatory design research & epistemic burden,Value of data,2
Cancer Variant Interpretation Group UK (CanVIG-UK): an exemplar national subspecialty multidisciplinary network.,Data sharing,2
Alternative Responses to Presidential Tweets on Elections in Africa: A New Counter Power?,Misinformation,2
A Review of Regulatory Frameworks Governing Biobanking in the Low and Middle Income Member Countries of BCNet.,Data sharing,2
What does it mean to embed ethics in data science? An integrative approach based on microethics and virtues,Data ethics,1
What do Americans want from a U.S. – UK Trade Agreement? Analysis of USTR’ public consultation,Digital trade,1
WebSci (Companion) - 2nd Data Literacy Workshop,Data literacy,1
Vaccine Hesitancy: Drivers and How the Allergy Community Can Help.,Misinformation,1
UMAP (Adjunct Publication) - On the Benefits and Security Risks of a User-Centric Data Sharing Platform for Healthcare Provision,Data sharing,1
Transparency of COVID-19 vaccine trials: decisions without data.,Data sharing,1
Transforming product labels using digital technologies to enable enhanced traceability and management of hazardous chemicals,Data sharing,1
"Transformative digital economy, responsive regulatory innovation and contingent network effects: the anatomy of e-commerce law in China",Digital economy,1
Traceability anti-counterfeiting system based on the ownership of edge computing on the blockchain,Data sharing,1
Towards harmonization of microscopy methods for malaria clinical research studies,Value of data,1
The variant call format provides efficient and robust storage of GWAS summary statistics,Data sharing,1
The Role of Cross-Silo Federated Learning in Facilitating Data Sharing in the Agri-Food Sector.,Data sharing,1
The MOMENTUM Study: An International Registry for the Evidence-Based Introduction of MR-Guided Adaptive Therapy,Data sharing,1
The International Journal of Children's Rights - The child’s right to protection against economic exploitation in the digital world,Value of data,1
The first 10 years of the international coordination network for standards in systems and synthetic biology (COMBINE),Data sharing,1
The False COVID-19 Narratives That Keep Being Debunked: A Spatiotemporal Analysis,Misinformation,1
The challenges of responding to misinformation during a pandemic: content moderation and the limitations of the concept of harm,Misinformation,1
TClustVID: A novel machine learning classification model to investigate topics and sentiment in COVID-19 tweets.,Misinformation,1
Taxation of Digital Economy,Digital economy,1
"Summarised, verified and accessible: improving clinical information management for potential haematopoietic stem cell transplantation patients.",Data sharing,1
SpatialExperiment: infrastructure for spatially resolved transcriptomics data in R using Bioconductor,Data infrastructure,1
Solve-RD: systematic pan-European data sharing and collaborative analysis to solve rare diseases,Data sharing,1
SOCRATES: An online tool leveraging a social contact data sharing initiative to assess mitigation strategies for COVID-19,Data sharing,1
Social Media Monitoring of the COVID-19 Pandemic and Influenza Epidemic With Adaptation for Informal Language in Arabic Twitter Data: Qualitative Study.,Misinformation,1
Social media can have an impact on how we manage and investigate the COVID-19 pandemic.,Misinformation,1
Smart Distributed Ledger Technologies in Industry 4.0: Challenges and Opportunities in Supply Chain Management,Data sharing,1
SIGIR - Towards Evaluating Veracity of Textual Statements on the Web,Misinformation,1
"Sickle Cell Disease Genomics of Africa (SickleGenAfrica) Network: ethical framework and initial qualitative findings from community engagement in Ghana, Nigeria and Tanzania.",Data sharing,1
Sharing health data for immigration control affects marginalised communities.,Data sharing,1
Sequencing-based genome-wide association studies reporting standards,Data sharing,1
Scaling up fact-checking using the wisdom of crowds.,Misinformation,1
Research using free text data in medical records could benefit from dynamic consent and other tools for responsible governance,Data sharing,1
Refuting Spurious COVID-19 Treatment Claims Reduces Demand and Misinformation Sharing.,Misinformation,1
Privacy Concerns and Disclosure of Biometric and Behavioral Data for Travel,Data sharing,1
Predicting global patterns of long-term climate change from short-term simulations using machine learning,Data sharing,1
Political communication and COVID-19: Governance and rhetoric in global comparative perspective,Misinformation,1
Perspectives of different stakeholders on data use and management in public health emergencies in sub-Saharan Africa: a meeting report,Data sharing,1
P95 Capturing patient reported outcome measures (PROMs) and health data from smart devices: attitudes of the general public,Data sharing,1
P011 Sharing is caring: a regional service development project exploring secondary immunosuppression in children,Data sharing,1
Monitoring global trends in Covid-19 vaccination intention and confidence: a social media-based deep learning study,Misinformation,1
Media content analysis of general practitioners' reactions to care.data expressed in the media: what lessons can be learned for future NHS data-sharing initiatives?,Data sharing,1
Making Waves: Collaboration in the time of SARS-CoV-2 - rapid development of an international co-operation and wastewater surveillance database to support public health decision-making.,Data sharing,1
LREC - Recent Developments for the Linguistic Linked Open Data Infrastructure.,Data infrastructure,1
Legal contestation of artificial intelligence-related decision-making in the United Kingdom: reflections for policy,Automated decision making,1
Internet Shutdowns in Africa| The Changing Landscape of Internet Shutdowns in Africa — Introduction,Misinformation,1
Internet of things assisted public security management platform for urban transportation using hybridised cryptographic-integrated steganography,Data sharing,1
"INDIN - knowlEdge Project –Concept, Methodology and Innovations for Artificial Intelligence in Industry 4.0",Data infrastructure,1
Implications of data-sharing for contractual and relational governance in public-private partnerships,Data sharing,1
IEEE BigData - Resolving the cybersecurity Data Sharing Paradox to scale up cybersecurity via a co-production approach towards data sharing,Data sharing,1
Identity-Based Authentication Mechanism for Secure Information Sharing in the Maritime Transport System,Data sharing,1
How might technology rise to the challenge of data sharing in agri-food?,Data sharing,1
"Health-protective behaviour, social media usage and conspiracy belief during the COVID-19 public health emergency.",Misinformation,1
"Harmonizing research outcomes for polycystic ovary syndrome (HARP), a marathon not a sprint: current challenges and future research need.",Data sharing,1
Governance of research consortia: challenges of implementing Responsible Research and Innovation within Europe.,Data sharing,1
Global Regulations for a Digital Economy: Between New and Old Challenges,Digital economy,1
Global Public Perceptions of Genomic Data Sharing: What Shapes the Willingness to Donate DNA and Health Data?,Data sharing,1
Fighting the 'Infodemic': Legal Responses to COVID-19 Disinformation,Misinformation,1
Exploring data-in-use: the value of data for Local Government,Data sharing,1
Establishing and theorising data analytics governance: a descriptive framework and a VSM-based view,Value of data,1
Enhancing the Scientific Value of Industry Remotely Operated Vehicles (ROVs) in Our Oceans,Value of data,1
Emerging reporting and verification needs under the Paris Agreement: How can the research community effectively contribute?,Data sharing,1
EDBT - Cost Estimation Across Heterogeneous SQL-Based Big Data Infrastructures in Teradata IntelliSphere.,Data infrastructure,1
Distributed learning on 20 000+ lung cancer patients - The Personal Health Train.,Data sharing,1
Digitization and urban governance: The city as a reflection of its data infrastructure:,Data infrastructure,1
Digital economy in the UK: regional productivity effects of early adoption,Digital economy,1
Designing citizen science for water and ecosystem services management in data-poor regions: Challenges and opportunities,Data sharing,1
"Department for Digital, Culture, Media and Sport Call for views on cyber security in supply chains and managed service providers:Aston Cyber Security Innovation (CSI) Centre Response",Digital economy,1
Democratising the Digital Revolution: The Role of Data Governance,Data sharing,1
Data sharing in the age of predictive psychiatry: An adolescent perspective,Data sharing,1
Data sharing in PredRet for accurate prediction of retention time: Application to plant food bioactive compounds.,Data sharing,1
Data management for platform-mediated public services: Challenges and best practices,Digital economy,1
CUI - Agents for Fighting Misinformation Spread on Twitter: Design Challenges,Misinformation,1
Cross-Sectoral Zoonotic Disease Surveillance in Western Kenya: Identifying Drivers and Barriers Within a Resource Constrained Setting.,Data sharing,1
Countering misinformation: A multidisciplinary approach,Misinformation,1
Competition policy in the digital economy,Digital economy,1
Coding together – coding alone: the role of trust in collaborative programming,Digital economy,1
Cloud-based genomics pipelines for ophthalmology: reviewed from research to clinical practice,Data sharing,1
Chaos-based confusion and diffusion of image pixels using dynamic substitution,Automated decision making,1
Challenges with tracing patients on antiretroviral therapy who are late for clinic appointments in rural South Africa and recommendations for future practice,Data infrastructure,1
BSCI - A Security and Privacy Focused KYC Data Sharing Platform,Data sharing,1
Biometric Blockchain: A Secure Solution for Intelligent Vehicle Data Sharing,Data sharing,1
Assessing the potential use of blockchain technology to improve the sharing of public health data in a western Canadian province,Data sharing,1
Anonymization Through Data Synthesis Using Generative Adversarial Networks (ADS-GAN),Data sharing,1
An Ongoing Infodemic: How People in Eight Countries Access News and Information about Coronavirus a Year into the Pandemic,Misinformation,1
Advancing data science in drug development through an innovative computational framework for data sharing and statistical analysis.,Data sharing,1
Advancing COVID-19 vaccines - avoiding different regulatory standards for different vaccines and need for open and transparent data sharing.,Data sharing,1
Adopting revenue management strategies and data sharing to cope with crises,Data sharing,1
Abstract 449: A standard operating procedure for the curation of gene fusions,Data sharing,1
A Survey on Automated Fact-Checking.,Misinformation,1
A study protocol of qualitative data sharing practices in clinical trials in the UK and Ireland: towards the production of good practice guidance [version 1; peer review: 2 approved],Data sharing,1
A Responsible Internet to Increase Trust in the Digital World,Digital economy,1
A Privacy-Preservation Framework Based on Biometrics Blockchain (BBC) to Prevent Attacks in VANET,Data sharing,1
"A minimalistic model of bias, polarization and misinformation in social networks.",Misinformation,1
A digital media literacy intervention increases discernment between mainstream and false news in the United States and India.,Misinformation,1
A Dense Neural Network Approach for Detecting Clone ID Attacks on the RPL Protocol of the IoT.,Data sharing,1
A cloud-edge based data security architecture for sharing and analysing cyber threat information,Data sharing,1
Work and works on digital platforms in capitalism: conceptual and regulatory challenges for labour and copyright law,Digital economy,0
Why Debunking Misinformation Is Not Enough to Change People's Minds About Vaccines,Misinformation,0
What Does it Mean for a Data Subject to Make their Personal Data “Manifestly Public”? An Analysis of GDPR Article 9(2)(e),Data sharing,0
WebSci (Companion) - HSCT 2021 - Joined Up Data Equals Better Care: Facilitating Health and Social Care Transformation through Trustworthy and Collaborative Data Sharing: Welcome and Workshop Summary,Data sharing,0
WebSci (Companion) - Digital transformations in Domestic Abuse support:: implications for data sharing,Data sharing,0
WebSci (Companion) - Defining Data Literacy Communities by Their Objectives: A Text Mining Analysis,Data literacy,0
Web Search Engine Misinformation Notifier Extension (SEMiNExt): A Machine Learning Based Approach during COVID-19 Pandemic.,Misinformation,0
Vaccination as a Control Tool in Bovine Tuberculosis: Social Media Monitoring to Assess Public Response to Government Policy Development and Implementation.,Misinformation,0
Using ontologies to enhance human understandability of global post-hoc explanations of black-box models,Automated decision making,0
Use of Data to Understand the Social Determinants of Depression in Two Middle-Income Countries: the 3-D Commission.,Data sharing,0
Unlink the Link Between COVID-19 and 5G Networks: An NLP and SNA Based Approach,Misinformation,0
Understanding the ethical and legal considerations of Digital Pathology.,Data sharing,0
Understanding the Barriers and Facilitators to Sharing Patient-Generated Health Data Using Digital Technology for People Living With Long-Term Health Conditions: A Narrative Review,Data sharing,0
Understanding barriers to novel data linkages : topic modeling of the results of the LifeInfo survey,Data sharing,0
Un)resolving digital technology paradoxes through the rhetoric of balance,Digital economy,0
"Trust, trustworthiness and sharing patient data for research.",Data sharing,0
"Trust, Identity, Privacy, and Security Considerations for Designing a Peer Data Sharing Platform Between People Living With HIV",Data sharing,0
Transboundary Groundwater Management Issues in the Nubian Sandstone Aquifer System (NSAS),Data sharing,0
Tracking in apps' privacy policies.,Data sharing,0
Traceability Approaches for Marine Genetic Resources Under the Proposed Ocean (BBNJ) Treaty,Data sharing,0
Towards the Ethical Publication of Country of Origin Information (COI) in the Asylum Process,Data ethics,0
"Towards open, reliable, and transparent ecology and evolutionary biology",Data sharing,0
Too little too late?: An exploration and analysis of the inadequacies of antitrust law when regulating GAFAM data-driven mergers and the potential legal remedies available in the age of Big Data,Digital economy,0
The Wealth of (Open Data) Nations? Examining the Interplay of Open Government Data and Country-level Institutions for Entrepreneurial Activity at the Country-level,Digital economy,0
The Visual Vaccine Debate on Twitter: A Social Network Analysis,Misinformation,0
The Value of Data: Applying a Public Value Model to the English National Health Service.,Value of data,0
"The role of social media in spreading panic among primary and secondary school students during the COVID-19 pandemic: An online questionnaire study from the Gaza Strip, Palestine",Misinformation,0
The role of digital presence and investment network signals on the internationalisation of small firms,Digital economy,0
The LOTUS Initiative for Open Natural Products Research: Knowledge Management through Wikidata,Data sharing,0
The Interplay between FAR Analysis and AOA in a Digitalized Economy,Digital economy,0
The impact of ICT diffusion on sovereign cost of debt,Digital economy,0
"The Faux Pas in Modern Competition Law – Walled Gardens, Data Sharing and Algorithmic Decision Making",Data sharing,0
The EuRRECa project as a model for data access and governance policies for rare disease registries that collect clinical outcomes,Data sharing,0
The engagement of home-based businesses in the digital economy,Digital economy,0
The Deep-Time Digital Earth program: data-driven discovery in geosciences.,Data infrastructure,0
The data-index: An author-level metric that values impactful data and incentivizes data sharing,Data sharing,0
The COVID19 infodemic. The role and place of academics in science communication.,Misinformation,0
The CORBEL matrix on informed consent in clinical studies: a multidisciplinary approach of Research Infrastructures Building Enduring Life-science Services.,Data sharing,0
The Chagas disease study landscape: A systematic review of clinical and observational antiparasitic treatment studies to assess the potential for establishing an individual participant-level data platform.,Data sharing,0
"The AI Methods, Capabilities and Criticality Grid",Data ethics,0
The age of surgical operative video big data - My bicycle or our park?,Data rights,0
"Surveillance of Noncommunicable Disease Epidemic Through the Integrated Noncommunicable Disease Collaborative Management System: Feasibility Pilot Study Conducted in the City of Ningbo, China.",Data sharing,0
Support for Financial Decision-Making,Data sharing,0
Subjugating Other Cultural Narratives in the Construction of Immersive Environments,Automated decision making,0
Standard of Foreclosure under Article 102 TFEU and the Digital Economy,Digital economy,0
SOCRATES: an online tool leveraging a social contact data sharing initiative to assess mitigation strategies for COVID-19.,Data sharing,0
Society for Immunotherapy of Cancer clinical and biomarkers data sharing resource document: Volume I-conceptual challenges.,Data sharing,0
"Social Media Big Data: The Good, The Bad, and the Ugly (Un)truths",Misinformation,0
Social Media and Health Misinformation During the US COVID Crisis,Misinformation,0
Social and electronic media exposure and generalized anxiety disorder among people during COVID-19 outbreak in Bangladesh: A preliminary observation.,Misinformation,0
SNAMS - Effects of Reputation Systems and Group Decision Making Systems Usage on Online Social Networks,Data sharing,0
Smart Cities.. The Policy Catalyst for Sustainable Development,Digital economy,0
SIGMOD Conference - Querying Shared Data with Security Heterogeneity,Data sharing,0
Shaping a data-driven era in dementia care pathway through computational neurology approaches.,Data infrastructure,0
Service Evaluation of the English Refugee Health Information System: Considerations and Recommendations for Effective Resettlement.,Data sharing,0
"SAGE Research Methods: Doing Research Online - How to Incorporate Privacy, Data Rights and Data Justice into Social Research of Smartphone Apps",Data rights,0
SACMAT - A Data Access Model for Privacy-Preserving Cloud-IoT Architectures,Data sharing,0
Routinely collected data and patient-centred research in anaesthesia and peri-operative care: a narrative review,Data sharing,0
Risk Assessment of Internet Credit Based on Big Data Analysis,Data sharing,0
Reviewable Automated Decision-Making: A Framework for Accountable Algorithmic Systems,Automated decision making,0
Restrictions on Privacy and Exploitation in the Digital Economy: A Market Failure Perspective,Digital economy,0
Response to commentaries on ‘Should free-text data in electronic medical records be shared for research? A citizens’ jury study in the UK’,Data sharing,0
Research data sharing behaviour of engineering researchers in Norway and the UK: uncovering the double face of Janus,Data sharing,0
Research Agendas for the Digital Economy,Digital economy,0
Reports of the Workshops Held at the 2020 International Association for the Advancement of Artificial Intelligence Conference on Web and Social Media,Misinformation,0
Public-Private Partnerships: Compound and Data Sharing in Drug Discovery and Development.,Data sharing,0
Public perceptions on data sharing: key insights from the UK and the USA.,Data sharing,0
Public opinion on sharing data from UK health services for clinical and research purposes without explicit consent,Data sharing,0
Public involvement in the governance of population-level biomedical research: Unresolved questions and future directions,Data sharing,0
"Public and patient involvement in health data governance (DATAGov): protocol of a people-centred, mixed-methods study on data use and sharing for rare diseases care and research.",Data sharing,0
Protocol for the development of a repository of individual participant data from randomised controlled trials conducted in adult care homes (the Virtual International Care Homes Trials Archive (VICHTA)).,Data sharing,0
Proposed Forensic Guidelines for the Investigation of Fake News,Misinformation,0
Promoting African Digital Multinationals for a More Inclusive Post-pandemic Future,Digital economy,0
Privacy-preserving Voice Analysis via Disentangled Representations,Data sharing,0
Privacy-preserving data sharing via probabilistic modeling,Data sharing,0
Privacy-Aware Time-Series Data Sharing With Deep Reinforcement Learning,Data sharing,0
Presumed consent and sharing medical data: Scottish register allows researchers to approach patients.,Data sharing,0
Prebunking interventions based on the psychological theory of “inoculation” can reduce susceptibility to misinformation across cultures.,Misinformation,0
Personalised Recommendations in Mental Health Apps: The Impact of Autonomy and Data Sharing,Data sharing,0
"Personal data protection and academia: GDPR issues and multi-modal data-collections ""in the wild""",Data sharing,0
Personal Data and Collective Value: Data-driven personalisation as network effect,Digital economy,0
"Perceptions of anonymised data use and awareness of the NHS data opt-out amongst patients, carers and healthcare staff.",Data sharing,0
Patient data-sharing for immigration enforcement: a qualitative study of healthcare providers in England,Data sharing,0
Overview of retrospective data harmonisation in the MINDMAP project: Process and results,Data infrastructure,0
"Organizational Knowledge of Digital Economy in Transformation, in Big Data, and in Internet of Things",Digital economy,0
"Opportunities, risks and challenges in global mental health and population neuroscience: a case of Sino-German cooperation.",Data sharing,0
"Opening Pandora’s Box: Peeking inside Psychology’s data sharing practices, and seven recommendations for change",Data sharing,0
Open Banking and the Ambiguous Competitive Effects of Data Portability,Data sharing,0
"Online misinformation, its influence on the student body, and institutional responsibilities",Misinformation,0
Online misinformation about climate change,Misinformation,0
Online forum users' views and experiences of managing irritable bowel syndrome: a qualitative analysis of discussion content.,Misinformation,0
"Oceanids C2: An Integrated Command, Control, and Data Infrastructure for the Over-the-Horizon Operation of Marine Autonomous Systems",Data infrastructure,0
Obtaining and managing data sets for individual participant data meta-analysis: scoping review and practical guide.,Data sharing,0
Neutral Bots Reveal Political Bias on Social Media,Misinformation,0
Muon: multimodal omics analysis framework,Data infrastructure,0
Multi-stage News-Stance Classification Based on Lexical and Neural Features,Misinformation,0
Moy.02Using aboutmyop.org as an alternative method for post-operative follow-up after elective laparoscopic cholecystectomy – a feasibility study,Data sharing,0
"Mobilising urban knowledge in an infodemic: Urban observatories, sustainable development and the COVID-19 crisis",Misinformation,0
Mobile-based and open-source infectious disease surveillance and outbreak management in Tanzania,Data sharing,0
Misinformation: tech companies are removing ‘harmful’ coronavirus content – but who decides what that means?,Misinformation,0
Misinformation and Its Stakeholders in Europe: A Web-Based Analysis,Misinformation,0
Minimizing the spread of misinformation in online social networks: A survey,Misinformation,0
Management of Stakeholder Communications in IT Projects,Data sharing,0
Machine learning techniques and older adults processing of online information and misinformation : A COVID-19 Study,Misinformation,0
Los imperativos éticos de la pandemia de COVID-19: Un análisis desde la ética de los datos,Data ethics,0
London Heathrow Airport Uses Real-Time Analytics for Improving Operations,Data sharing,0
Linguistic drivers of misinformation diffusion on social media during the COVID-19 pandemic,Misinformation,0
Leveraging external data in the design and analysis of clinical trials in neuro-oncology.,Data sharing,0
"Lack of Trust, Conspiracy Beliefs, and Social Media Use Predict COVID-19 Vaccine Hesitancy",Misinformation,0
It's not only size that matters: determinants of Estonia's e-governance success,Digital economy,0
Is useful research data usually shared? An investigation of genome-wide association study summary statistics,Data sharing,0
Investigating Mental Health Service User Opinions on Clinical Data Sharing: Qualitative Focus Group Study,Data sharing,0
Introduction of Systematized Nomenclature of Medicine-Clinical Terms Coding Into an Electronic Health Record and Evaluation of its Impact: Qualitative and Quantitative Study.,Data sharing,0
International severe asthma registry (ISAR) : protocol for a global registry,Data ethics,0
Integrating Healthcare Data for Enhanced Citizen-Centred Care and Analytics.,Data sharing,0
Integrating artificial intelligence into the clinical practice of radiology: challenges and recommendations,Data sharing,0
Informing prevention of stillbirth and preterm birth in Malawi: development of a minimum dataset for health facilities participating in the DIPLOMATIC collaboration.,Data infrastructure,0
"Infodemics and infodemiology: a short history, a long future",Misinformation,0
Individual Rights in Biobank Research Under the GDPR,Automated decision making,0
"Impact of COVID-19 lockdown on the social media usage among different age groups in Hyderabad, India: A questionnaire-based community Study",Misinformation,0
iLRN - Doctoral Colloquium-Pandemic Pirouettes: AR Ballet Exploring Data Ethics for the Computing Classroom,Data ethics,0
IJCAI - Weaving a Semantic Web of Credibility Reviews for Explainable Misinformation Detection (Extended Abstract),Misinformation,0
IEEE Conf. on Intelligent Systems - Making Decision on Sharing Forensic Data with the Fuzzy Logic Approach,Data sharing,0
ID-based user-centric data usage auditing scheme for distributed environments,Data sharing,0
ICSOFT - Towards secure data sharing processes in online social networks: Trusty,Data sharing,0
ICPR - Attack-agnostic Adversarial Detection on Medical Data Using Explainable Machine Learning,Automated decision making,0
Human Judgment in algorithmic loops: Individual justice and automated decision‐making,#N/A,0
How much does quality matter: the value of data.,Value of data,0
How mHealth can facilitate collaboration in diabetes care: qualitative analysis of co-design workshops.,Data sharing,0
How Distributed Ledger Technology Can Influence Trust Improving Data Sharing in Collaborative Networks,Data sharing,0
High-Level Design and Rapid Implementation of a Clinical and Non-clinical Blockchain-Based Data Sharing Platform for COVID-19 Containment,Data sharing,0
High value passenger identification research based on Federated Learning,Value of data,0
HICSS - Privacy in Transport? Exploring Perceptions of Location Privacy Through User Segmentation,Data sharing,0
Guidelines for FAIR sharing of preclinical safety and off-target pharmacology data,Data sharing,0
Governing a Globalized Digital Economy: How to Make Technology Policy and Regulation Work for Developing Countries,Digital economy,0
Governance mechanisms for sharing of health data: An approach towards selecting attributes for complex discrete choice experiment studies,Data sharing,0
Global infectious disease research collaborations in crises: building capacity and inclusivity through cooperation.,Data sharing,0
Getting a Sense of Big Data and Well-being,Data infrastructure,0
"Genome Profiling of SARS-CoV-2 in Indonesia, ASEAN and the Neighbouring East Asian Countries: Features, Challenges and Achievements",Data sharing,0
"GDPR-inspired IoT Ontology enabling Semantic Interoperability, Federation of Deployments and Privacy-Preserving Applications.",Data sharing,0
Fully Homomorphically Encrypted Deep Learning as a Service,Data sharing,0
From Research Data Ethics Principles to Practice: Data Trusts as a Governance Tool,Data ethics,0
From bits to bites: Advancement of the Germinate platform to support prebreeding informatics for crop wild relatives,Data sharing,0
From ArrayExpress to BioStudies.,Data infrastructure,0
Federated learning for predicting clinical outcomes in patients with COVID-19.,Data sharing,0
Fast Distributed Bandits for Online Recommendation Systems,Data sharing,0
Fake News in Health and Medicine,Misinformation,0
Factors of Open Science Data Sharing and Reuse in the COVID-19 Crisis: A Case Study of the South Korea R&D Community,Data sharing,0
"Extending the Minimum Information About BIobank Data Sharing Terminology to Describe Samples, Sample Donors, and Events.",Data sharing,0
Exposure to untrustworthy websites in the 2016 US election.,Misinformation,0
Exposure to news grows less fragmented with an increase in mobile access.,Misinformation,0
Explaining the Principles to Practices Gap in AI,Misinformation,0
Evaluation of patient perception towards dynamic health data sharing using blockchain based digital consent with the Dovetail digital consent application: A cross sectional exploratory study.,Data sharing,0
"Evaluating improvement interventions using routine data to support a learning health system: research design, data access, analysis and reporting",Data sharing,0
European productivity in the digital age: evidence from EU KLEMS,Digital economy,0
"Ethics-Based Auditing of Automated Decision-Making Systems: Nature, Scope, and Limitations",Automated decision making,0
EP.TH.342Using aboutmyop.org to measure quality of life using ePROMs in patients undergoing elective laparoscopic cholecystectomy – a feasibility study,Data sharing,0
EP.TH.341Creating and testing the online multimedia platform aboutmyop.org,Data sharing,0
Enhancing MR Image Segmentation with Realistic Adversarial Data Augmentation.,Data sharing,0
Enforcement of the AML in China’s Digital Economy – From the Perspective of the Overall Regulatory Environment,Digital economy,0
"Embracing Sensitivity, Enhancing Impact: Developing A Co-Production Model of Public Engagement for Administrative Data Research",Data sharing,0
Electronic Regulation of Data Sharing and Processing Using Smart Ledger Technologies for Supply-Chain Security,Data sharing,0
"Efficient, Revocable and Privacy-preserving Fine-grained Data Sharing with Keyword Search for the Cloud-assisted Medical IoT System.",Data sharing,0
Efficient and Secure Data Sharing for 5G Flying Drones: A Blockchain-Enabled Approach,Data sharing,0
EDUCON - EDISON Data Science Framework (EDSF): Addressing Demand for Data Science and Analytics Competences for the Data Driven Digital Economy,Digital economy,0
Editorial for the special issue on financial econometrics in the age of the digital economy,Digital economy,0
ECIR (2) - Detecting and Forecasting Misinformation via Temporal and Geometric Propagation Patterns.,Misinformation,0
Echoes of covid misinformation,Misinformation,0
"dsMTL - a computational framework for privacy-preserving, distributed multi-task machine learning",Data sharing,0
DLfM - Notes on the Music: A social data infrastructure for music annotation,Data infrastructure,0
DisMiss False Information: A Value Matter,Misinformation,0
Digitranscope: Key Findings,Digital economy,0
Digital Transformation and Sustainable Oriented Innovation: A System Transition Model for Socio-Economic Scenario Analysis,Digital economy,0
Digital trade and data equivalency: Research briefing for the Welsh parliament,Digital economy,0
Digital platforms and development: a survey of the literature,Digital economy,0
Digital Media Landscape in Brazil: Political (Mis)Information and Participation on Facebook and WhatsApp,Misinformation,0
Digital health Systems in Kenyan Public Hospitals: a mixed-methods survey,Data sharing,0
Digital Engagement and Class,Digital economy,0
Digital Economy Era: The Role of Telecommunications Sector in Frequency-Dependent Default Risk Connectedness,Digital economy,0
Digital Deception: Cyber Fraud and Online Misinformation,Misinformation,0
"Development of Russia’s Regions in the Conditions of the Digital Economy: Management, Effectiveness, and Competitiveness",Digital economy,0
Developing a topic-based repository of clinical trial individual patient data: experiences and lessons learned from a pilot project.,Data sharing,0
Developing a Research Data Policy Framework for All Journals and Publishers,Data sharing,0
"Developing a model for health determinants research within local government: lessons from a large, urban local authority",Data sharing,0
Determinants of Real-Time fMRI Neurofeedback Performance and Improvement: a Machine Learning Mega-Analysis,Data sharing,0
Determinants of Infodemics During Disease Outbreaks: A Systematic Review.,Misinformation,0
Demonstrating trustworthiness when collecting and sharing genomic data: public views across 22 countries.,Data sharing,0
Democratizing health system data to impact social and environmental health contexts: a novel collaborative community data-sharing model.,Data sharing,0
Decentralised Trust for the Digital Economy.,Digital economy,0
DCOSS - Sharing Beyond Peer-to-peer Trading: Collaborative (Open) Business Models as a Pathway to Smart Circular Economy in Electricity Markets,Data sharing,0
"Data-driven secure, resilient and sustainable supply chains: gaps, opportunities, and a new generalised data sharing and data monetisation framework",Data sharing,0
Data Sharing While Using a Closed-Loop System: Qualitative Study of Adolescents' and Parents' Experiences and Views.,Data sharing,0
Data Sharing Under the General Data Protection Regulation: Time to Harmonize Law and Research Ethics?,Data sharing,0
Data Sharing in Southeast Asia During the First Wave of the COVID-19 Pandemic.,Data sharing,0
"Data Mining and Analysis of Scientific Research Data Records on COVID-19 Mortality, Immunity, and Vaccine Development - In the First Wave of the COVID-19 Pandemic",Data sharing,0
Data Ecosystems for Protecting European Citizens' Digital Rights,Data infrastructure,0
Data Brokers Co-Opetition,Data sharing,0
"Data and Competition: A General Framework with Applications to Mergers, Market Structure, and Privacy Policy",Digital economy,0
Data Access Committees.,Data sharing,0
Dark Clouds and Silver Linings: Impact of COVID-19 on Internet Users’ Privacy,Data sharing,0
Customer-based Execution Strategy in a Global Digital Economy,Digital economy,0
"CTRL': an online, Dynamic Consent and participant engagement platform working towards solving the complexities of consent in genomic research.",Data sharing,0
"CroSSED sequence, a new tool for 3D processing in geosciences using the free software 3DSlicer.",Data sharing,0
Critical literacies for a datafied society: academic development and curriculum design in higher education,Data literacy,0
Covid-19 misinformation and the social (Media) amplification of risk: A Vietnamese perspective,Misinformation,0
Cooperative Innovation Behavior Based on Big Data,Data sharing,0
Consortium Blockchain for Security and Privacy-Preserving in E-government Systems,Data sharing,0
Conceptualising value creation in data-driven services: The case of vehicle data,Data sharing,0
"Conceptualising critical data literacies for civil society organisations: agency, care, and social responsibility",Data literacy,0
Computer-assisted classification of contrarian claims about climate change.,Misinformation,0
COMPSAC - TRUSTD: Combat Fake Content using Blockchain and Collective Signature Technologies,Misinformation,0
"Competition Law for the Digital Economy, Björn LUNDQVIST and Michal S. GAL (dir.)",Digital economy,0
"Commentary: the Past, Present, and Future of the Global Raptor Impact Network",Data sharing,0
COLING (Tutorial) - Detection and Resolution of Rumors and Misinformation with NLP,Misinformation,0
Cohort profile: Early pandemic evaluation and enhanced surveillance of COVID-19 (EAVE II) database.,Data infrastructure,0
Co-Designing Personal Health? Multidisciplinary Benefits and Challenges in Informing Diabetes Self-Care Technologies,Data sharing,0
CHIIR - Towards Search Strategies for Better Privacy and Information,Misinformation,0
CHI Extended Abstracts - Workshop on Technologies to Support Critical Thinking in an Age of Misinformation,Misinformation,0
"CHI - Perverse Downstream Consequences of Debunking: Being Corrected by Another User for Posting False Political News Increases Subsequent Sharing of Low Quality, Partisan, and Toxic Content in a Twitter Field Experiment",Misinformation,0
Challenging Automated Decision-making by Public Bodies: Selected Case Studies from Other Jurisdictions,Data sharing,0
Categorising Fine-to-Coarse Grained Misinformation: An Empirical Study of COVID-19 Infodemic,Misinformation,0
Carers’ experience of using assistive technology for dementia care at home: a qualitative study,Data sharing,0
British Columbia’s Health Data Platform: Unleashing the Power of a Data Environment Commons for Health and Health System Improvement,Data sharing,0
BRAINS - BeepTrace for COVID-19 Pandemic: A Demo,Data sharing,0
Bigger Fish to Fry: FinTech and the Digital Transformation of Financial Services,Data infrastructure,0
Being Fair about the Design of FAIR Data Standards,Data sharing,0
"Bad Faith, Bad Politics, and Bad Consequences: The Epistemic Harms of Online Deceit",Misinformation,0
AOIR ETHICS PANEL 1: PRACTICES AND ROADMAPS,Data ethics,0
"An open dataset of Plasmodium falciparum genome variation in 7,000 worldwide samples",Data sharing,0
An Efficient Feedback Control Mechanism for Positive/Negative Information Spread in Online Social Networks.,Misinformation,0
An agent-based model about the effects of fake news on a norovirus outbreak,Misinformation,0
Adversarial interference and its mitigations in privacy-preserving collaborative machine learning,Data sharing,0
Advances in the diagnosis of inherited neuromuscular diseases and implications for therapy development.,Data sharing,0
ACL (student) - COVID-19 and misinformation: A large-scale lexical analysis on Twitter,Misinformation,0
Accountable Cross-Border Data Sharing Using Blockchain Under Relaxed Trust Assumption,Data sharing,0
ABZ - Account and Transaction Protocol of the Open Banking Standard,Data sharing,0
A technological framework for data-driven IoT systems: application on landslide monitoring,Data infrastructure,0
A survey on the attitudes of parents with young children on in-home monitoring technologies and study designs for infant research.,Data sharing,0
"A self-organizing, living library of time-series data.",Data sharing,0
A Privacy-Preserving Federated Learning for Multiparty Data Sharing in Social IoTs,Data sharing,0
A novel framework to protect animal data in a world of ecosurveillance,Data sharing,0
A measurement model of value of data for decision-making in the digital era,Value of data,0
A Maturity Spectrum for Data Institutions,Data sharing,0
A global omics data sharing and analytics marketplace: Case study of a rapid data COVID-19 pandemic response platform,Data sharing,0
A curated collection of COVID-19 online datasets,Misinformation,0
A Conceptual Model for Participants and Activities in Citizen Science Projects,Data sharing,0
A climate service for ecologists: sharing pre-processed EURO-CORDEX regional climate scenario data using the eLTER Information System,Data infrastructure,0
142 Artificial intelligence and the NHS: a qualitative exploration of the factors influencing adoption,Misinformation,0
131 Designing an educational app for patients with heart failure,Data sharing,0
"""It's a life you're playing with"": A qualitative study on experiences of NHS maternity services among undocumented migrant women in England",Data sharing,0
"""It is just a flu"": Assessing the Effect of Watch History on YouTube's Pseudoscientific Video Recommendations",Misinformation,0
"""A Question of Trust"" and ""a Leap of Faith""-Study Participants' Perspectives on Consent, Privacy, and Trust in Smart Home Research: Qualitative Study.",Data sharing,0
‘A war against truth’ - understanding the fake news controversy,Misinformation,0